order_item_id,order_id,customer_id,product_id,category_id,date_key,order_status,quantity,unit_price,line_amount,payment_method
2,1000,1133,6,1,20260101,da_huy,1,1100000.0,1100000.0,momo
3,1001,1131,38,3,20260101,da_huy,3,2300000.0,6900000.0,cod
4,1002,1134,11,1,20260101,dang_giao,2,230000.0,460000.0,momo
6,1003,1135,29,2,20260102,da_giao,1,890000.0,890000.0,momo
7,1004,1139,16,1,20260102,da_giao,3,210000.0,630000.0,cod
8,1005,1045,8,1,20260102,cho_xac_nhan,2,750000.0,1500000.0,momo
10,1006,1147,13,1,20260102,da_giao,1,420000.0,420000.0,momo
11,1007,1133,46,4,20260102,da_giao,3,680000.0,2040000.0,cod
13,1008,1138,9,1,20260103,da_giao,1,1680000.0,1680000.0,banking
16,1009,1129,1,1,20260103,dang_giao,4,1250000.0,5000000.0,momo
19,1010,1145,58,5,20260103,da_giao,4,320000.0,1280000.0,momo
21,1011,1149,6,1,20260103,da_giao,1,1100000.0,1100000.0,banking
22,1012,1148,61,5,20260104,dang_chuan_bi,1,780000.0,780000.0,cod
26,1013,1146,45,4,20260104,da_giao,2,480000.0,960000.0,cod
27,1014,1148,23,2,20260104,cho_xac_nhan,1,780000.0,780000.0,banking
28,1015,1129,78,6,20260104,da_giao,2,950000.0,1900000.0,cod
29,1016,1142,16,1,20260104,dang_chuan_bi,3,210000.0,630000.0,cod
31,1017,1145,48,4,20260104,da_giao,4,920000.0,3680000.0,banking
34,1018,1144,14,1,20260105,dang_chuan_bi,3,180000.0,540000.0,cod
36,1019,1096,19,2,20260105,da_giao,3,1350000.0,4050000.0,cod
37,1020,1134,38,3,20260105,da_giao,1,2300000.0,2300000.0,cod
38,1021,1146,1,1,20260105,da_giao,4,1250000.0,5000000.0,cod
40,1022,1145,15,1,20260105,dang_giao,4,320000.0,1280000.0,cod
44,1023,1145,45,4,20260105,dang_giao,4,480000.0,1920000.0,cod
46,1024,1142,20,2,20260105,cho_xac_nhan,3,890000.0,2670000.0,banking
51,1025,1134,44,4,20260105,dang_giao,1,520000.0,520000.0,cod
54,1026,1146,13,1,20260105,da_giao,2,420000.0,840000.0,momo
56,1027,1139,55,5,20260105,da_giao,2,620000.0,1240000.0,cod
61,1028,1148,3,1,20260105,da_giao,2,1890000.0,3780000.0,cod
62,1029,1134,12,1,20260106,dang_giao,3,340000.0,1020000.0,cod
64,1030,1130,12,1,20260106,da_giao,3,340000.0,1020000.0,cod
69,1031,1138,14,1,20260106,da_giao,2,180000.0,360000.0,banking
70,1032,1129,30,2,20260106,da_giao,2,780000.0,1560000.0,cod
72,1033,1129,26,2,20260106,dang_chuan_bi,2,850000.0,1700000.0,cod
75,1034,1136,31,3,20260106,cho_xac_nhan,3,4200000.0,12600000.0,cod
76,1035,1141,54,4,20260106,da_giao,2,620000.0,1240000.0,cod
77,1036,1129,33,3,20260106,da_huy,2,2450000.0,4900000.0,cod
78,1037,1140,47,4,20260106,dang_giao,4,320000.0,1280000.0,cod
79,1038,1033,4,1,20260107,da_giao,1,385000.0,385000.0,cod
82,1039,1146,23,2,20260107,da_giao,4,780000.0,3120000.0,cod
83,1040,1140,66,5,20260107,da_giao,2,190000.0,380000.0,cod
84,1041,1133,40,3,20260107,cho_xac_nhan,2,2500000.0,5000000.0,banking
88,1042,1128,29,2,20260108,dang_giao,1,890000.0,890000.0,cod
92,1043,1146,5,1,20260108,dang_giao,1,480000.0,480000.0,banking
93,1044,1147,1,1,20260108,da_giao,4,1250000.0,5000000.0,cod
94,1045,1142,9,1,20260108,da_giao,3,1680000.0,5040000.0,banking
96,1046,1105,25,2,20260109,da_giao,2,1100000.0,2200000.0,momo
101,1047,1134,11,1,20260109,da_giao,4,230000.0,920000.0,cod
102,1048,1144,42,3,20260109,dang_giao,1,2600000.0,2600000.0,cod
104,1049,1018,18,1,20260109,dang_chuan_bi,4,350000.0,1400000.0,cod
108,1050,1142,45,4,20260109,da_giao,1,480000.0,480000.0,banking
111,1051,1026,54,4,20260109,da_giao,4,620000.0,2480000.0,banking
113,1052,1137,62,5,20260109,dang_chuan_bi,2,450000.0,900000.0,banking
115,1053,1143,15,1,20260109,da_giao,4,320000.0,1280000.0,cod
116,1054,1000,66,5,20260110,da_giao,1,190000.0,190000.0,cod
118,1055,1143,60,5,20260110,da_giao,4,520000.0,2080000.0,cod
120,1056,1128,46,4,20260110,da_giao,1,680000.0,680000.0,momo
122,1057,1149,34,3,20260110,da_giao,2,2800000.0,5600000.0,momo
124,1058,1129,22,2,20260110,da_giao,4,620000.0,2480000.0,banking
129,1059,1029,4,1,20260110,cho_xac_nhan,1,385000.0,385000.0,cod
131,1060,1100,14,1,20260111,dang_chuan_bi,3,180000.0,540000.0,banking
133,1061,1148,35,3,20260111,da_giao,1,2800000.0,2800000.0,cod
135,1062,1145,4,1,20260111,da_giao,3,385000.0,1155000.0,cod
136,1063,1132,17,1,20260112,da_giao,3,680000.0,2040000.0,cod
137,1064,1147,49,4,20260112,da_giao,4,180000.0,720000.0,banking
139,1065,1138,26,2,20260112,da_giao,1,850000.0,850000.0,banking
141,1066,1147,16,1,20260112,da_giao,1,210000.0,210000.0,cod
143,1067,1142,72,6,20260112,da_giao,3,650000.0,1950000.0,banking
145,1068,1143,3,1,20260112,da_giao,4,1890000.0,7560000.0,cod
146,1069,1133,54,4,20260112,da_giao,3,620000.0,1860000.0,momo
148,1070,1143,21,2,20260112,dang_chuan_bi,3,780000.0,2340000.0,banking
151,1071,1043,12,1,20260113,dang_giao,4,340000.0,1360000.0,momo
153,1072,1140,2,1,20260113,da_giao,2,2890000.0,5780000.0,cod
154,1073,1093,25,2,20260113,da_giao,2,1100000.0,2200000.0,cod
155,1074,1141,5,1,20260113,da_giao,1,480000.0,480000.0,cod
156,1075,1129,78,6,20260113,cho_xac_nhan,2,950000.0,1900000.0,banking
157,1076,1082,66,5,20260114,da_giao,4,190000.0,760000.0,banking
158,1077,1147,26,2,20260114,dang_giao,1,850000.0,850000.0,banking
162,1078,1135,13,1,20260114,da_giao,2,420000.0,840000.0,momo
166,1079,1137,40,3,20260114,da_giao,1,2500000.0,2500000.0,cod
170,1080,1133,46,4,20260114,da_giao,3,680000.0,2040000.0,cod
171,1081,1147,37,3,20260114,cho_xac_nhan,4,3100000.0,12400000.0,banking
175,1082,1138,17,1,20260114,da_giao,3,680000.0,2040000.0,cod
180,1083,1129,75,6,20260115,da_giao,1,280000.0,280000.0,momo
182,1084,1149,10,1,20260115,cho_xac_nhan,1,1450000.0,1450000.0,cod
187,1085,1140,67,6,20260115,da_giao,3,420000.0,1260000.0,cod
191,1086,1140,41,3,20260115,da_giao,3,3400000.0,10200000.0,cod
192,1087,1133,43,4,20260115,da_huy,3,290000.0,870000.0,cod
193,1088,1148,10,1,20260115,da_giao,1,1450000.0,1450000.0,banking
195,1089,1128,14,1,20260116,da_giao,3,180000.0,540000.0,cod
197,1090,1129,35,3,20260116,da_giao,2,2800000.0,5600000.0,cod
198,1091,1147,4,1,20260116,cho_xac_nhan,3,385000.0,1155000.0,cod
200,1092,1035,31,3,20260116,cho_xac_nhan,2,4200000.0,8400000.0,banking
201,1093,1135,58,5,20260116,da_huy,3,320000.0,960000.0,cod
206,1094,1135,12,1,20260116,dang_chuan_bi,3,340000.0,1020000.0,banking
208,1095,1132,8,1,20260116,cho_xac_nhan,3,750000.0,2250000.0,cod
211,1096,1130,1,1,20260116,da_giao,2,1250000.0,2500000.0,cod
212,1097,1133,47,4,20260117,da_giao,3,320000.0,960000.0,banking
216,1098,1006,12,1,20260117,da_giao,2,340000.0,680000.0,momo
218,1099,1131,68,6,20260117,da_giao,2,520000.0,1040000.0,momo
221,1100,1148,3,1,20260117,da_giao,1,1890000.0,1890000.0,cod
223,1101,1128,10,1,20260117,da_giao,1,1450000.0,1450000.0,banking
224,1102,1130,21,2,20260117,da_giao,3,780000.0,2340000.0,cod
226,1103,1143,74,6,20260117,dang_chuan_bi,1,480000.0,480000.0,cod
231,1104,1140,56,5,20260117,da_giao,2,580000.0,1160000.0,cod
234,1105,1148,78,6,20260117,da_giao,4,950000.0,3800000.0,cod
236,1106,1130,52,4,20260118,da_giao,4,580000.0,2320000.0,cod
238,1107,1135,66,5,20260118,dang_giao,3,190000.0,570000.0,cod
243,1108,1141,10,1,20260118,dang_chuan_bi,1,1450000.0,1450000.0,cod
246,1109,1139,9,1,20260118,da_giao,3,1680000.0,5040000.0,cod
247,1110,1139,67,6,20260119,dang_giao,2,420000.0,840000.0,momo
252,1111,1133,22,2,20260119,da_huy,4,620000.0,2480000.0,cod
254,1112,1135,51,4,20260119,dang_chuan_bi,1,650000.0,650000.0,banking
255,1113,1046,28,2,20260119,da_giao,3,720000.0,2160000.0,cod
259,1114,1130,34,3,20260119,da_giao,3,2800000.0,8400000.0,cod
260,1115,1143,64,5,20260119,da_giao,3,850000.0,2550000.0,banking
261,1116,1131,3,1,20260119,da_giao,4,1890000.0,7560000.0,cod
264,1117,1133,45,4,20260119,da_giao,2,480000.0,960000.0,cod
266,1118,1138,7,1,20260120,da_giao,4,890000.0,3560000.0,banking
268,1119,1149,33,3,20260120,da_giao,4,2450000.0,9800000.0,cod
270,1120,1058,33,3,20260120,da_giao,3,2450000.0,7350000.0,banking
272,1121,1141,62,5,20260120,da_giao,4,450000.0,1800000.0,cod
276,1122,1142,38,3,20260120,cho_xac_nhan,4,2300000.0,9200000.0,cod
277,1123,1146,7,1,20260120,da_giao,1,890000.0,890000.0,cod
280,1124,1148,2,1,20260121,da_giao,4,2890000.0,11560000.0,cod
285,1125,1148,13,1,20260121,da_giao,3,420000.0,1260000.0,banking
290,1126,1137,13,1,20260121,da_giao,2,420000.0,840000.0,cod
291,1127,1144,3,1,20260121,da_giao,2,1890000.0,3780000.0,banking
293,1128,1134,1,1,20260121,da_giao,1,1250000.0,1250000.0,banking
295,1129,1123,63,5,20260122,da_giao,4,750000.0,3000000.0,banking
300,1130,1140,10,1,20260122,da_giao,4,1450000.0,5800000.0,cod
302,1131,1137,24,2,20260122,dang_chuan_bi,1,950000.0,950000.0,cod
303,1132,1130,59,5,20260122,da_giao,3,890000.0,2670000.0,cod
305,1133,1128,57,5,20260122,dang_giao,2,320000.0,640000.0,cod
307,1134,1140,61,5,20260122,da_giao,1,780000.0,780000.0,banking
309,1135,1138,68,6,20260123,dang_chuan_bi,3,520000.0,1560000.0,banking
310,1136,1136,5,1,20260123,da_giao,4,480000.0,1920000.0,momo
315,1137,1131,25,2,20260123,dang_chuan_bi,3,1100000.0,3300000.0,momo
319,1138,1146,47,4,20260123,da_giao,2,320000.0,640000.0,momo
321,1139,1141,2,1,20260123,da_huy,1,2890000.0,2890000.0,banking
322,1140,1128,13,1,20260123,da_giao,3,420000.0,1260000.0,momo
324,1141,1146,12,1,20260124,da_giao,3,340000.0,1020000.0,banking
325,1142,1143,14,1,20260124,dang_giao,3,180000.0,540000.0,banking
329,1143,1137,25,2,20260124,da_giao,2,1100000.0,2200000.0,banking
331,1144,1131,9,1,20260124,da_giao,3,1680000.0,5040000.0,cod
333,1145,1136,15,1,20260124,dang_chuan_bi,2,320000.0,640000.0,momo
335,1146,1136,10,1,20260124,dang_chuan_bi,4,1450000.0,5800000.0,banking
339,1147,1145,30,2,20260124,da_giao,1,780000.0,780000.0,momo
340,1148,1136,36,3,20260125,da_giao,3,2100000.0,6300000.0,cod
342,1149,1130,1,1,20260125,da_giao,1,1250000.0,1250000.0,cod
343,1150,1145,25,2,20260125,da_giao,1,1100000.0,1100000.0,cod
344,1151,1120,9,1,20260125,da_giao,1,1680000.0,1680000.0,banking
345,1152,1131,18,1,20260126,dang_giao,3,350000.0,1050000.0,momo
347,1153,1145,68,6,20260126,da_giao,4,520000.0,2080000.0,banking
348,1154,1148,18,1,20260126,dang_chuan_bi,3,350000.0,1050000.0,banking
349,1155,1140,10,1,20260126,da_giao,4,1450000.0,5800000.0,banking
350,1156,1121,16,1,20260126,da_giao,2,210000.0,420000.0,momo
351,1157,1137,15,1,20260126,da_giao,3,320000.0,960000.0,banking
352,1158,1148,32,3,20260126,da_giao,1,3200000.0,3200000.0,banking
354,1159,1111,58,5,20260126,dang_chuan_bi,3,320000.0,960000.0,cod
357,1160,1149,25,2,20260126,dang_chuan_bi,4,1100000.0,4400000.0,banking
362,1161,1057,31,3,20260126,da_giao,3,4200000.0,12600000.0,cod
364,1162,1133,26,2,20260126,dang_giao,2,850000.0,1700000.0,banking
365,1163,1137,63,5,20260127,da_giao,3,750000.0,2250000.0,banking
369,1164,1143,10,1,20260127,cho_xac_nhan,1,1450000.0,1450000.0,banking
370,1165,1141,11,1,20260127,da_giao,1,230000.0,230000.0,cod
372,1166,1130,55,5,20260127,da_giao,3,620000.0,1860000.0,banking
374,1167,1134,4,1,20260127,da_giao,2,385000.0,770000.0,momo
376,1168,1144,29,2,20260127,da_giao,1,890000.0,890000.0,cod
379,1169,1147,19,2,20260128,dang_giao,3,1350000.0,4050000.0,cod
381,1170,1137,5,1,20260128,da_giao,4,480000.0,1920000.0,momo
383,1171,1131,63,5,20260129,cho_xac_nhan,4,750000.0,3000000.0,banking
385,1172,1145,27,2,20260129,da_giao,4,620000.0,2480000.0,momo
388,1173,1146,12,1,20260129,da_giao,3,340000.0,1020000.0,cod
389,1174,1128,53,4,20260129,da_giao,1,220000.0,220000.0,banking
391,1175,1146,60,5,20260129,da_giao,1,520000.0,520000.0,cod
393,1176,1147,12,1,20260129,dang_giao,2,340000.0,680000.0,momo
396,1177,1149,25,2,20260129,cho_xac_nhan,4,1100000.0,4400000.0,momo
401,1178,1136,1,1,20260129,da_giao,2,1250000.0,2500000.0,banking
402,1179,1149,9,1,20260129,dang_chuan_bi,4,1680000.0,6720000.0,cod
403,1180,1129,46,4,20260129,da_giao,2,680000.0,1360000.0,banking
407,1181,1119,1,1,20260130,da_giao,1,1250000.0,1250000.0,banking
409,1182,1133,12,1,20260130,da_giao,1,340000.0,340000.0,banking
411,1183,1128,46,4,20260130,da_huy,2,680000.0,1360000.0,cod
416,1184,1134,14,1,20260130,da_giao,2,180000.0,360000.0,cod
417,1185,1148,30,2,20260130,dang_chuan_bi,1,780000.0,780000.0,cod
419,1186,1139,7,1,20260130,cho_xac_nhan,3,890000.0,2670000.0,banking
424,1187,1131,47,4,20260130,da_giao,1,320000.0,320000.0,momo
426,1188,1112,32,3,20260130,dang_giao,3,3200000.0,9600000.0,banking
430,1189,1148,15,1,20260131,cho_xac_nhan,2,320000.0,640000.0,banking
432,1190,1138,8,1,20260131,da_giao,1,750000.0,750000.0,banking
435,1191,1138,12,1,20260131,da_giao,1,340000.0,340000.0,momo
438,1192,1103,14,1,20260131,da_giao,3,180000.0,540000.0,momo
439,1193,1147,3,1,20260131,dang_chuan_bi,4,1890000.0,7560000.0,cod
440,1194,1130,12,1,20260131,da_giao,3,340000.0,1020000.0,banking
445,1195,1116,32,3,20260131,da_giao,1,3200000.0,3200000.0,banking
447,1196,1147,3,1,20260131,da_giao,2,1890000.0,3780000.0,cod
452,1197,1136,69,6,20260201,cho_xac_nhan,3,320000.0,960000.0,cod
457,1198,1148,1,1,20260201,da_giao,4,1250000.0,5000000.0,cod
458,1199,1148,9,1,20260201,dang_chuan_bi,4,1680000.0,6720000.0,cod
460,1200,1102,62,5,20260201,dang_giao,1,450000.0,450000.0,cod
464,1201,1135,6,1,20260202,da_giao,2,1100000.0,2200000.0,cod
466,1202,1130,61,5,20260202,da_huy,4,780000.0,3120000.0,cod
468,1203,1128,9,1,20260202,da_giao,4,1680000.0,6720000.0,cod
471,1204,1140,8,1,20260202,dang_chuan_bi,4,750000.0,3000000.0,momo
472,1205,1143,4,1,20260202,dang_chuan_bi,2,385000.0,770000.0,cod
475,1206,1138,52,4,20260202,da_giao,3,580000.0,1740000.0,cod
480,1207,1120,14,1,20260202,dang_giao,1,180000.0,180000.0,momo
482,1208,1143,40,3,20260202,da_giao,4,2500000.0,10000000.0,cod
485,1209,1148,63,5,20260202,cho_xac_nhan,1,750000.0,750000.0,banking
490,1210,1131,4,1,20260203,da_giao,4,385000.0,1540000.0,cod
491,1211,1138,1,1,20260203,da_giao,3,1250000.0,3750000.0,banking
493,1212,1096,30,2,20260203,da_giao,4,780000.0,3120000.0,momo
494,1213,1142,2,1,20260203,dang_giao,3,2890000.0,8670000.0,banking
495,1214,1143,7,1,20260203,da_giao,1,890000.0,890000.0,cod
496,1215,1131,9,1,20260203,dang_chuan_bi,4,1680000.0,6720000.0,momo
498,1216,1130,45,4,20260203,da_giao,3,480000.0,1440000.0,cod
500,1217,1127,6,1,20260203,da_giao,3,1100000.0,3300000.0,cod
501,1218,1133,31,3,20260204,da_giao,2,4200000.0,8400000.0,momo
506,1219,1134,8,1,20260204,da_giao,4,750000.0,3000000.0,banking
509,1220,1143,14,1,20260204,dang_giao,2,180000.0,360000.0,cod
510,1221,1139,32,3,20260204,da_giao,3,3200000.0,9600000.0,cod
512,1222,1130,11,1,20260204,da_giao,4,230000.0,920000.0,banking
514,1223,1139,38,3,20260204,dang_chuan_bi,1,2300000.0,2300000.0,cod
515,1224,1145,9,1,20260205,da_giao,1,1680000.0,1680000.0,cod
517,1225,1146,51,4,20260205,da_giao,3,650000.0,1950000.0,cod
519,1226,1132,32,3,20260205,dang_giao,3,3200000.0,9600000.0,momo
524,1227,1130,52,4,20260205,dang_giao,4,580000.0,2320000.0,cod
525,1228,1147,2,1,20260205,da_giao,3,2890000.0,8670000.0,cod
527,1229,1140,40,3,20260206,da_giao,2,2500000.0,5000000.0,cod
529,1230,1148,12,1,20260206,da_giao,2,340000.0,680000.0,banking
531,1231,1139,55,5,20260206,cho_xac_nhan,3,620000.0,1860000.0,banking
536,1232,1138,3,1,20260206,da_giao,4,1890000.0,7560000.0,cod
541,1233,1143,28,2,20260206,dang_giao,1,720000.0,720000.0,banking
543,1234,1141,65,5,20260206,da_giao,2,280000.0,560000.0,momo
548,1235,1147,13,1,20260206,da_giao,3,420000.0,1260000.0,cod
549,1236,1136,41,3,20260206,dang_giao,2,3400000.0,6800000.0,cod
551,1237,1135,13,1,20260207,da_giao,4,420000.0,1680000.0,cod
553,1238,1078,4,1,20260207,da_giao,4,385000.0,1540000.0,banking
557,1239,1143,39,3,20260207,da_giao,2,2900000.0,5800000.0,banking
559,1240,1132,15,1,20260207,da_giao,2,320000.0,640000.0,banking
561,1241,1143,28,2,20260207,cho_xac_nhan,1,720000.0,720000.0,cod
562,1242,1146,11,1,20260207,dang_chuan_bi,3,230000.0,690000.0,cod
564,1243,1128,26,2,20260207,da_huy,1,850000.0,850000.0,momo
565,1244,1143,16,1,20260207,cho_xac_nhan,1,210000.0,210000.0,banking
567,1245,1139,67,6,20260207,da_giao,1,420000.0,420000.0,cod
569,1246,1147,52,4,20260208,da_giao,3,580000.0,1740000.0,banking
571,1247,1128,13,1,20260208,dang_chuan_bi,2,420000.0,840000.0,cod
573,1248,1124,11,1,20260208,da_giao,2,230000.0,460000.0,cod
574,1249,1075,45,4,20260208,da_giao,1,480000.0,480000.0,cod
575,1250,1129,5,1,20260208,da_giao,1,480000.0,480000.0,cod
579,1251,1129,62,5,20260208,da_giao,3,450000.0,1350000.0,cod
581,1252,1149,8,1,20260209,dang_giao,3,750000.0,2250000.0,cod
583,1253,1091,40,3,20260209,dang_giao,2,2500000.0,5000000.0,cod
585,1254,1113,46,4,20260209,da_giao,1,680000.0,680000.0,banking
586,1255,1139,54,4,20260209,da_huy,3,620000.0,1860000.0,cod
591,1256,1131,5,1,20260209,da_giao,3,480000.0,1440000.0,momo
594,1257,1131,65,5,20260210,dang_chuan_bi,4,280000.0,1120000.0,cod
595,1258,1145,4,1,20260210,dang_giao,4,385000.0,1540000.0,cod
597,1259,1141,43,4,20260210,da_giao,3,290000.0,870000.0,cod
600,1260,1135,3,1,20260210,da_giao,3,1890000.0,5670000.0,cod
605,1261,1142,48,4,20260210,da_giao,4,920000.0,3680000.0,cod
607,1262,1105,47,4,20260210,dang_chuan_bi,3,320000.0,960000.0,banking
612,1263,1139,54,4,20260210,da_giao,1,620000.0,620000.0,banking
613,1264,1020,24,2,20260211,da_giao,2,950000.0,1900000.0,cod
617,1265,1136,71,6,20260211,da_giao,1,185000.0,185000.0,momo
619,1266,1147,10,1,20260211,dang_giao,4,1450000.0,5800000.0,cod
622,1267,1137,39,3,20260211,da_huy,4,2900000.0,11600000.0,momo
624,1268,1131,73,6,20260211,da_giao,2,890000.0,1780000.0,banking
626,1269,1138,13,1,20260211,cho_xac_nhan,3,420000.0,1260000.0,cod
627,1270,1130,56,5,20260211,da_giao,3,580000.0,1740000.0,cod
628,1271,1141,44,4,20260212,da_giao,4,520000.0,2080000.0,cod
630,1272,1134,13,1,20260212,da_giao,4,420000.0,1680000.0,cod
632,1273,1004,56,5,20260212,da_giao,1,580000.0,580000.0,banking
633,1274,1072,11,1,20260212,da_giao,4,230000.0,920000.0,momo
634,1275,1144,2,1,20260212,dang_giao,3,2890000.0,8670000.0,cod
636,1276,1140,15,1,20260212,da_giao,4,320000.0,1280000.0,cod
640,1277,1023,61,5,20260212,da_giao,3,780000.0,2340000.0,banking
643,1278,1133,13,1,20260212,dang_giao,3,420000.0,1260000.0,banking
645,1279,1142,66,5,20260212,da_giao,3,190000.0,570000.0,momo
647,1280,1128,37,3,20260213,da_giao,1,3100000.0,3100000.0,banking
650,1281,1128,59,5,20260213,dang_chuan_bi,1,890000.0,890000.0,banking
651,1282,1149,7,1,20260213,da_giao,1,890000.0,890000.0,cod
653,1283,1097,36,3,20260214,dang_chuan_bi,2,2100000.0,4200000.0,cod
654,1284,1147,4,1,20260214,dang_giao,1,385000.0,385000.0,cod
656,1285,1143,22,2,20260214,da_giao,1,620000.0,620000.0,banking
657,1286,1131,59,5,20260214,da_giao,4,890000.0,3560000.0,cod
658,1287,1139,37,3,20260214,cho_xac_nhan,1,3100000.0,3100000.0,cod
660,1288,1141,52,4,20260215,da_giao,2,580000.0,1160000.0,banking
661,1289,1008,7,1,20260215,da_giao,1,890000.0,890000.0,cod
662,1290,1137,40,3,20260215,da_giao,2,2500000.0,5000000.0,cod
664,1291,1147,57,5,20260215,da_giao,3,320000.0,960000.0,momo
665,1292,1149,60,5,20260215,da_giao,2,520000.0,1040000.0,cod
666,1293,1098,1,1,20260215,da_giao,1,1250000.0,1250000.0,cod
667,1294,1148,50,4,20260215,da_giao,2,780000.0,1560000.0,banking
669,1295,1071,28,2,20260215,cho_xac_nhan,3,720000.0,2160000.0,banking
670,1296,1121,42,3,20260215,dang_chuan_bi,3,2600000.0,7800000.0,cod
671,1297,1139,27,2,20260215,cho_xac_nhan,2,620000.0,1240000.0,cod
675,1298,1094,9,1,20260215,da_giao,4,1680000.0,6720000.0,banking
677,1299,1147,11,1,20260215,da_giao,4,230000.0,920000.0,banking
680,1300,1146,3,1,20260215,da_giao,2,1890000.0,3780000.0,banking
685,1301,1140,11,1,20260215,dang_giao,1,230000.0,230000.0,momo
686,1302,1130,11,1,20260216,da_giao,4,230000.0,920000.0,cod
687,1303,1128,68,6,20260216,dang_chuan_bi,4,520000.0,2080000.0,cod
692,1304,1145,65,5,20260216,dang_giao,3,280000.0,840000.0,banking
695,1305,1142,12,1,20260216,da_giao,2,340000.0,680000.0,banking
697,1306,1136,24,2,20260216,da_giao,3,950000.0,2850000.0,momo
698,1307,1140,52,4,20260216,dang_chuan_bi,2,580000.0,1160000.0,banking
700,1308,1138,56,5,20260217,da_giao,1,580000.0,580000.0,banking
703,1309,1137,3,1,20260217,da_giao,3,1890000.0,5670000.0,cod
704,1310,1031,11,1,20260217,dang_giao,4,230000.0,920000.0,cod
706,1311,1111,31,3,20260217,da_giao,3,4200000.0,12600000.0,momo
708,1312,1128,51,4,20260217,da_giao,2,650000.0,1300000.0,banking
713,1313,1050,21,2,20260217,da_giao,4,780000.0,3120000.0,cod
717,1314,1141,11,1,20260217,cho_xac_nhan,4,230000.0,920000.0,banking
720,1315,1135,59,5,20260217,da_giao,4,890000.0,3560000.0,momo
723,1316,1140,6,1,20260217,cho_xac_nhan,3,1100000.0,3300000.0,cod
724,1317,1137,39,3,20260217,cho_xac_nhan,2,2900000.0,5800000.0,banking
725,1318,1132,59,5,20260217,da_huy,4,890000.0,3560000.0,cod
726,1319,1146,19,2,20260217,da_giao,1,1350000.0,1350000.0,banking
729,1320,1138,12,1,20260217,da_huy,2,340000.0,680000.0,banking
730,1321,1141,67,6,20260217,da_giao,1,420000.0,420000.0,cod
732,1322,1135,14,1,20260218,da_giao,1,180000.0,180000.0,banking
733,1323,1132,18,1,20260218,da_giao,1,350000.0,350000.0,cod
737,1324,1134,63,5,20260218,cho_xac_nhan,4,750000.0,3000000.0,momo
739,1325,1144,58,5,20260218,da_giao,2,320000.0,640000.0,cod
741,1326,1145,1,1,20260219,da_giao,2,1250000.0,2500000.0,cod
744,1327,1131,54,4,20260219,cho_xac_nhan,4,620000.0,2480000.0,momo
745,1328,1144,6,1,20260219,da_giao,1,1100000.0,1100000.0,cod
750,1329,1147,54,4,20260219,dang_giao,4,620000.0,2480000.0,banking
751,1330,1100,18,1,20260219,dang_giao,3,350000.0,1050000.0,banking
753,1331,1044,49,4,20260220,dang_giao,1,180000.0,180000.0,banking
758,1332,1128,61,5,20260220,da_giao,2,780000.0,1560000.0,cod
760,1333,1149,73,6,20260220,da_huy,1,890000.0,890000.0,banking
761,1334,1146,4,1,20260220,da_giao,4,385000.0,1540000.0,cod
766,1335,1148,3,1,20260220,dang_chuan_bi,2,1890000.0,3780000.0,momo
768,1336,1135,44,4,20260220,da_giao,1,520000.0,520000.0,cod
770,1337,1060,2,1,20260220,dang_chuan_bi,2,2890000.0,5780000.0,cod
773,1338,1134,60,5,20260220,da_giao,2,520000.0,1040000.0,cod
775,1339,1146,65,5,20260221,da_giao,4,280000.0,1120000.0,momo
776,1340,1128,15,1,20260221,da_giao,4,320000.0,1280000.0,banking
777,1341,1133,43,4,20260221,da_giao,1,290000.0,290000.0,cod
778,1342,1138,61,5,20260221,da_giao,1,780000.0,780000.0,momo
783,1343,1149,3,1,20260221,cho_xac_nhan,2,1890000.0,3780000.0,cod
784,1344,1148,4,1,20260221,cho_xac_nhan,4,385000.0,1540000.0,cod
788,1345,1129,8,1,20260221,da_giao,3,750000.0,2250000.0,banking
790,1346,1137,65,5,20260222,da_giao,3,280000.0,840000.0,momo
792,1347,1146,39,3,20260222,da_giao,1,2900000.0,2900000.0,cod
794,1348,1137,13,1,20260222,da_giao,3,420000.0,1260000.0,banking
796,1349,1103,3,1,20260222,da_giao,1,1890000.0,1890000.0,banking
798,1350,1133,53,4,20260222,da_giao,4,220000.0,880000.0,momo
799,1351,1130,4,1,20260222,dang_chuan_bi,1,385000.0,385000.0,cod
800,1352,1146,33,3,20260223,da_giao,4,2450000.0,9800000.0,cod
802,1353,1049,6,1,20260223,da_giao,2,1100000.0,2200000.0,cod
804,1354,1137,5,1,20260223,cho_xac_nhan,2,480000.0,960000.0,banking
806,1355,1119,27,2,20260223,da_giao,1,620000.0,620000.0,cod
809,1356,1131,49,4,20260223,da_giao,3,180000.0,540000.0,cod
810,1357,1128,59,5,20260223,da_giao,3,890000.0,2670000.0,momo
811,1358,1142,51,4,20260223,da_giao,3,650000.0,1950000.0,cod
813,1359,1039,8,1,20260224,da_giao,3,750000.0,2250000.0,banking
814,1360,1145,50,4,20260224,cho_xac_nhan,1,780000.0,780000.0,cod
817,1361,1130,56,5,20260224,da_giao,4,580000.0,2320000.0,momo
818,1362,1148,6,1,20260224,da_giao,2,1100000.0,2200000.0,cod
823,1363,1148,14,1,20260224,da_giao,4,180000.0,720000.0,cod
825,1364,1136,67,6,20260224,da_giao,2,420000.0,840000.0,cod
830,1365,1145,32,3,20260225,dang_giao,2,3200000.0,6400000.0,cod
831,1366,1118,7,1,20260225,da_giao,4,890000.0,3560000.0,cod
833,1367,1146,66,5,20260225,cho_xac_nhan,1,190000.0,190000.0,cod
834,1368,1130,14,1,20260225,dang_chuan_bi,3,180000.0,540000.0,banking
836,1369,1131,34,3,20260225,da_giao,2,2800000.0,5600000.0,momo
837,1370,1143,29,2,20260225,dang_giao,4,890000.0,3560000.0,momo
839,1371,1138,7,1,20260225,da_giao,4,890000.0,3560000.0,momo
843,1372,1056,20,2,20260225,cho_xac_nhan,2,890000.0,1780000.0,cod
845,1373,1135,4,1,20260225,da_giao,4,385000.0,1540000.0,banking
848,1374,1129,54,4,20260225,da_giao,1,620000.0,620000.0,cod
849,1375,1135,60,5,20260226,dang_giao,3,520000.0,1560000.0,cod
851,1376,1147,1,1,20260226,da_giao,1,1250000.0,1250000.0,cod
852,1377,1135,65,5,20260226,dang_chuan_bi,3,280000.0,840000.0,cod
854,1378,1140,35,3,20260226,da_giao,1,2800000.0,2800000.0,momo
855,1379,1011,12,1,20260226,da_giao,1,340000.0,340000.0,cod
856,1380,1149,29,2,20260227,da_giao,2,890000.0,1780000.0,momo
857,1381,1148,30,2,20260227,da_giao,2,780000.0,1560000.0,cod
859,1382,1138,63,5,20260227,dang_chuan_bi,1,750000.0,750000.0,momo
860,1383,1131,15,1,20260227,dang_chuan_bi,2,320000.0,640000.0,cod
862,1384,1137,53,4,20260227,da_giao,3,220000.0,660000.0,banking
864,1385,1145,27,2,20260228,dang_giao,1,620000.0,620000.0,cod
865,1386,1130,15,1,20260228,da_giao,2,320000.0,640000.0,cod
866,1387,1128,34,3,20260228,da_giao,4,2800000.0,11200000.0,cod
868,1388,1112,7,1,20260228,cho_xac_nhan,4,890000.0,3560000.0,banking
873,1389,1149,15,1,20260301,dang_chuan_bi,3,320000.0,960000.0,banking
877,1390,1110,10,1,20260301,da_giao,2,1450000.0,2900000.0,cod
881,1391,1142,15,1,20260301,cho_xac_nhan,4,320000.0,1280000.0,banking
882,1392,1144,12,1,20260301,da_giao,3,340000.0,1020000.0,cod
884,1393,1134,64,5,20260301,da_giao,2,850000.0,1700000.0,cod
888,1394,1149,49,4,20260301,da_giao,3,180000.0,540000.0,cod
892,1395,1143,12,1,20260301,cho_xac_nhan,1,340000.0,340000.0,banking
894,1396,1036,5,1,20260302,da_giao,1,480000.0,480000.0,banking
899,1397,1134,21,2,20260302,da_giao,3,780000.0,2340000.0,momo
903,1398,1143,15,1,20260302,dang_chuan_bi,1,320000.0,320000.0,banking
906,1399,1137,24,2,20260302,dang_giao,4,950000.0,3800000.0,banking
908,1400,1128,8,1,20260302,da_giao,2,750000.0,1500000.0,momo
909,1401,1137,3,1,20260303,da_giao,3,1890000.0,5670000.0,momo
910,1402,1145,21,2,20260303,da_giao,4,780000.0,3120000.0,cod
915,1403,1108,41,3,20260303,da_huy,3,3400000.0,10200000.0,banking
920,1404,1144,32,3,20260303,dang_giao,3,3200000.0,9600000.0,banking
921,1405,1144,61,5,20260303,da_huy,3,780000.0,2340000.0,banking
926,1406,1139,2,1,20260303,da_giao,1,2890000.0,2890000.0,banking
927,1407,1096,40,3,20260303,da_giao,1,2500000.0,2500000.0,momo
929,1408,1115,65,5,20260303,cho_xac_nhan,1,280000.0,280000.0,cod
934,1409,1019,41,3,20260303,da_huy,3,3400000.0,10200000.0,momo
935,1410,1138,61,5,20260304,da_giao,2,780000.0,1560000.0,cod
938,1411,1136,12,1,20260304,da_giao,2,340000.0,680000.0,momo
940,1412,1123,53,4,20260304,da_giao,2,220000.0,440000.0,cod
945,1413,1135,42,3,20260304,da_giao,2,2600000.0,5200000.0,cod
946,1414,1145,16,1,20260304,dang_giao,2,210000.0,420000.0,momo
948,1415,1144,61,5,20260304,da_giao,4,780000.0,3120000.0,momo
950,1416,1146,64,5,20260304,dang_chuan_bi,3,850000.0,2550000.0,banking
955,1417,1135,8,1,20260304,da_giao,1,750000.0,750000.0,banking
959,1418,1138,35,3,20260304,dang_chuan_bi,1,2800000.0,2800000.0,banking
963,1419,1102,15,1,20260305,da_giao,1,320000.0,320000.0,cod
964,1420,1133,38,3,20260305,da_giao,4,2300000.0,9200000.0,cod
965,1421,1140,9,1,20260305,cho_xac_nhan,1,1680000.0,1680000.0,cod
968,1422,1129,20,2,20260305,da_giao,2,890000.0,1780000.0,banking
969,1423,1109,57,5,20260306,cho_xac_nhan,3,320000.0,960000.0,cod
970,1424,1136,51,4,20260306,da_huy,2,650000.0,1300000.0,cod
971,1425,1140,32,3,20260306,da_giao,3,3200000.0,9600000.0,banking
972,1426,1147,45,4,20260306,dang_giao,4,480000.0,1920000.0,banking
973,1427,1147,20,2,20260306,da_giao,3,890000.0,2670000.0,cod
974,1428,1147,4,1,20260306,da_giao,1,385000.0,385000.0,banking
977,1429,1106,11,1,20260306,da_giao,4,230000.0,920000.0,banking
979,1430,1149,16,1,20260307,da_giao,4,210000.0,840000.0,cod
983,1431,1037,52,4,20260307,da_giao,4,580000.0,2320000.0,cod
987,1432,1132,41,3,20260307,da_giao,3,3400000.0,10200000.0,cod
989,1433,1086,1,1,20260307,da_giao,4,1250000.0,5000000.0,momo
991,1434,1131,47,4,20260307,cho_xac_nhan,1,320000.0,320000.0,momo
992,1435,1133,32,3,20260307,dang_giao,3,3200000.0,9600000.0,cod
993,1436,1135,27,2,20260307,da_giao,2,620000.0,1240000.0,cod
995,1437,1142,21,2,20260308,da_giao,1,780000.0,780000.0,momo
997,1438,1144,52,4,20260308,da_giao,2,580000.0,1160000.0,cod
999,1439,1052,54,4,20260308,da_giao,3,620000.0,1860000.0,banking
1000,1440,1140,46,4,20260308,da_giao,1,680000.0,680000.0,cod
1002,1441,1137,59,5,20260308,da_giao,2,890000.0,1780000.0,cod
1004,1442,1135,26,2,20260309,dang_chuan_bi,1,850000.0,850000.0,banking
1006,1443,1094,12,1,20260309,cho_xac_nhan,4,340000.0,1360000.0,cod
1008,1444,1147,66,5,20260309,da_huy,3,190000.0,570000.0,cod
1009,1445,1142,15,1,20260309,da_giao,4,320000.0,1280000.0,cod
1012,1446,1148,64,5,20260309,da_giao,4,850000.0,3400000.0,cod
1013,1447,1144,12,1,20260309,da_giao,1,340000.0,340000.0,cod
1017,1448,1148,40,3,20260310,da_giao,1,2500000.0,2500000.0,cod
1022,1449,1149,57,5,20260310,da_giao,1,320000.0,320000.0,banking
1024,1450,1144,1,1,20260310,da_giao,4,1250000.0,5000000.0,banking
1028,1451,1141,55,5,20260310,dang_chuan_bi,2,620000.0,1240000.0,momo
1030,1452,1129,5,1,20260310,da_giao,2,480000.0,960000.0,momo
1032,1453,1112,14,1,20260310,dang_giao,2,180000.0,360000.0,momo
1033,1454,1128,29,2,20260310,da_giao,3,890000.0,2670000.0,banking
1038,1455,1132,46,4,20260310,dang_giao,4,680000.0,2720000.0,cod
1039,1456,1134,47,4,20260311,da_giao,4,320000.0,1280000.0,cod
1040,1457,1132,32,3,20260311,da_giao,1,3200000.0,3200000.0,cod
1041,1458,1117,32,3,20260311,da_giao,3,3200000.0,9600000.0,banking
1043,1459,1134,13,1,20260311,da_giao,3,420000.0,1260000.0,cod
1048,1460,1134,65,5,20260311,cho_xac_nhan,1,280000.0,280000.0,momo
1050,1461,1133,15,1,20260311,da_giao,1,320000.0,320000.0,momo
1055,1462,1128,27,2,20260311,da_giao,1,620000.0,620000.0,cod
1056,1463,1107,33,3,20260312,da_giao,1,2450000.0,2450000.0,cod
1060,1464,1128,5,1,20260312,da_giao,2,480000.0,960000.0,banking
1062,1465,1131,39,3,20260312,da_huy,3,2900000.0,8700000.0,cod
1066,1466,1143,55,5,20260312,da_giao,4,620000.0,2480000.0,banking
1067,1467,1137,24,2,20260313,da_giao,2,950000.0,1900000.0,cod
1069,1468,1055,45,4,20260313,da_giao,4,480000.0,1920000.0,momo
1071,1469,1131,40,3,20260313,da_giao,2,2500000.0,5000000.0,banking
1072,1470,1140,12,1,20260313,da_giao,1,340000.0,340000.0,cod
1073,1471,1132,68,6,20260313,da_giao,3,520000.0,1560000.0,momo
1076,1472,1133,49,4,20260314,da_giao,3,180000.0,540000.0,cod
1078,1473,1109,3,1,20260314,dang_chuan_bi,2,1890000.0,3780000.0,cod
1080,1474,1149,62,5,20260314,da_giao,4,450000.0,1800000.0,momo
1085,1475,1135,33,3,20260314,da_giao,2,2450000.0,4900000.0,cod
1090,1476,1115,21,2,20260314,da_giao,2,780000.0,1560000.0,cod
1095,1477,1128,15,1,20260314,cho_xac_nhan,1,320000.0,320000.0,banking
1096,1478,1129,4,1,20260314,da_giao,1,385000.0,385000.0,banking
1098,1479,1028,56,5,20260314,da_giao,4,580000.0,2320000.0,banking
1102,1480,1144,58,5,20260315,da_giao,1,320000.0,320000.0,cod
1104,1481,1061,46,4,20260315,da_giao,2,680000.0,1360000.0,cod
1105,1482,1149,14,1,20260315,da_giao,3,180000.0,540000.0,cod
1107,1483,1108,41,3,20260315,da_giao,1,3400000.0,3400000.0,banking
1109,1484,1091,6,1,20260315,da_giao,4,1100000.0,4400000.0,banking
1110,1485,1091,8,1,20260315,da_giao,3,750000.0,2250000.0,cod
1111,1486,1122,8,1,20260315,da_giao,4,750000.0,3000000.0,momo
1115,1487,1148,70,6,20260315,da_giao,2,180000.0,360000.0,banking
1120,1488,1143,9,1,20260316,da_giao,2,1680000.0,3360000.0,cod
1122,1489,1143,53,4,20260316,da_giao,2,220000.0,440000.0,banking
1124,1490,1149,44,4,20260316,dang_giao,1,520000.0,520000.0,banking
1126,1491,1143,47,4,20260316,da_giao,1,320000.0,320000.0,banking
1127,1492,1094,3,1,20260316,dang_chuan_bi,4,1890000.0,7560000.0,cod
1129,1493,1137,53,4,20260316,da_huy,2,220000.0,440000.0,cod
1130,1494,1106,10,1,20260317,da_giao,3,1450000.0,4350000.0,banking
1133,1495,1149,10,1,20260317,da_giao,1,1450000.0,1450000.0,cod
1138,1496,1132,8,1,20260317,cho_xac_nhan,1,750000.0,750000.0,cod
1139,1497,1132,22,2,20260317,da_giao,4,620000.0,2480000.0,cod
1143,1498,1148,7,1,20260318,da_giao,1,890000.0,890000.0,cod
1144,1499,1138,55,5,20260318,cho_xac_nhan,1,620000.0,620000.0,cod
1146,1500,1148,10,1,20260318,da_giao,3,1450000.0,4350000.0,momo
1148,1501,1136,68,6,20260318,dang_chuan_bi,3,520000.0,1560000.0,momo
1149,1502,1120,42,3,20260318,cho_xac_nhan,4,2600000.0,10400000.0,banking
1154,1503,1143,12,1,20260318,da_huy,3,340000.0,1020000.0,cod
1156,1504,1144,44,4,20260318,cho_xac_nhan,4,520000.0,2080000.0,momo
1157,1505,1059,27,2,20260318,da_giao,2,620000.0,1240000.0,momo
1160,1506,1149,35,3,20260319,da_giao,1,2800000.0,2800000.0,cod
1163,1507,1138,36,3,20260319,cho_xac_nhan,2,2100000.0,4200000.0,banking
1165,1508,1001,67,6,20260319,dang_giao,4,420000.0,1680000.0,cod
1166,1509,1144,35,3,20260319,da_giao,2,2800000.0,5600000.0,cod
1170,1510,1131,1,1,20260319,da_giao,2,1250000.0,2500000.0,cod
1172,1511,1131,62,5,20260320,cho_xac_nhan,3,450000.0,1350000.0,cod
1177,1512,1109,40,3,20260320,da_giao,3,2500000.0,7500000.0,cod
1179,1513,1139,30,2,20260320,cho_xac_nhan,1,780000.0,780000.0,cod
1180,1514,1134,59,5,20260320,da_giao,1,890000.0,890000.0,cod
1183,1515,1130,22,2,20260320,da_huy,2,620000.0,1240000.0,banking
1186,1516,1132,54,4,20260321,cho_xac_nhan,4,620000.0,2480000.0,cod
1188,1517,1147,7,1,20260321,da_giao,4,890000.0,3560000.0,cod
1191,1518,1146,48,4,20260321,dang_giao,3,920000.0,2760000.0,momo
1192,1519,1142,10,1,20260322,cho_xac_nhan,3,1450000.0,4350000.0,banking
1196,1520,1142,65,5,20260322,cho_xac_nhan,1,280000.0,280000.0,momo
1198,1521,1117,28,2,20260322,da_giao,4,720000.0,2880000.0,cod
1203,1522,1145,11,1,20260322,da_giao,4,230000.0,920000.0,cod
1204,1523,1134,2,1,20260322,da_giao,4,2890000.0,11560000.0,banking
1207,1524,1125,8,1,20260322,da_huy,4,750000.0,3000000.0,momo
1212,1525,1138,44,4,20260322,da_giao,2,520000.0,1040000.0,momo
1214,1526,1148,44,4,20260323,da_giao,1,520000.0,520000.0,banking
1217,1527,1128,8,1,20260323,cho_xac_nhan,4,750000.0,3000000.0,banking
1219,1528,1130,1,1,20260323,da_giao,2,1250000.0,2500000.0,cod
1220,1529,1130,28,2,20260323,da_huy,1,720000.0,720000.0,banking
1221,1530,1009,40,3,20260323,da_huy,4,2500000.0,10000000.0,cod
1226,1531,1041,68,6,20260324,da_giao,2,520000.0,1040000.0,cod
1228,1532,1144,4,1,20260324,da_giao,3,385000.0,1155000.0,banking
1230,1533,1139,6,1,20260324,cho_xac_nhan,4,1100000.0,4400000.0,banking
1235,1534,1147,22,2,20260324,da_giao,3,620000.0,1860000.0,banking
1236,1535,1128,53,4,20260324,da_giao,4,220000.0,880000.0,cod
1238,1536,1074,20,2,20260324,da_giao,4,890000.0,3560000.0,banking
1239,1537,1110,11,1,20260324,da_giao,3,230000.0,690000.0,cod
1240,1538,1135,10,1,20260325,dang_chuan_bi,4,1450000.0,5800000.0,cod
1241,1539,1138,53,4,20260325,da_giao,1,220000.0,220000.0,banking
1245,1540,1128,43,4,20260325,cho_xac_nhan,4,290000.0,1160000.0,cod
1249,1541,1128,4,1,20260325,cho_xac_nhan,4,385000.0,1540000.0,momo
1250,1542,1126,8,1,20260325,da_giao,1,750000.0,750000.0,cod
1251,1543,1099,4,1,20260325,da_giao,3,385000.0,1155000.0,banking
1254,1544,1136,56,5,20260326,da_giao,3,580000.0,1740000.0,momo
1258,1545,1130,47,4,20260326,da_giao,3,320000.0,960000.0,cod
1260,1546,1114,66,5,20260326,da_giao,2,190000.0,380000.0,cod
1262,1547,1143,63,5,20260326,da_giao,1,750000.0,750000.0,momo
1263,1548,1129,26,2,20260326,da_giao,2,850000.0,1700000.0,banking
1265,1549,1129,13,1,20260326,dang_chuan_bi,1,420000.0,420000.0,cod
1267,1550,1141,39,3,20260326,da_giao,3,2900000.0,8700000.0,cod
1271,1551,1101,15,1,20260326,cho_xac_nhan,4,320000.0,1280000.0,banking
1275,1552,1129,20,2,20260326,da_giao,4,890000.0,3560000.0,cod
1277,1553,1142,68,6,20260327,da_giao,3,520000.0,1560000.0,cod
1279,1554,1123,48,4,20260327,dang_giao,4,920000.0,3680000.0,momo
1283,1555,1148,64,5,20260327,da_giao,3,850000.0,2550000.0,momo
1285,1556,1141,52,4,20260327,da_giao,3,580000.0,1740000.0,cod
1287,1557,1139,25,2,20260327,dang_chuan_bi,2,1100000.0,2200000.0,cod
1288,1558,1129,11,1,20260328,da_giao,3,230000.0,690000.0,momo
1293,1559,1132,71,6,20260328,da_giao,3,185000.0,555000.0,cod
1294,1560,1149,2,1,20260329,da_giao,3,2890000.0,8670000.0,cod
1298,1561,1128,55,5,20260329,da_huy,1,620000.0,620000.0,banking
1303,1562,1134,66,5,20260329,cho_xac_nhan,3,190000.0,570000.0,cod
1305,1563,1140,39,3,20260329,cho_xac_nhan,2,2900000.0,5800000.0,banking
1306,1564,1130,43,4,20260329,da_huy,4,290000.0,1160000.0,cod
1310,1565,1129,20,2,20260329,da_giao,2,890000.0,1780000.0,momo
1311,1566,1139,44,4,20260329,da_giao,2,520000.0,1040000.0,banking
1314,1567,1145,20,2,20260329,da_giao,1,890000.0,890000.0,cod
1316,1568,1132,12,1,20260330,da_giao,2,340000.0,680000.0,cod
1321,1569,1014,3,1,20260330,dang_chuan_bi,1,1890000.0,1890000.0,cod
1323,1570,1005,10,1,20260330,da_giao,3,1450000.0,4350000.0,banking
1324,1571,1139,26,2,20260330,cho_xac_nhan,3,850000.0,2550000.0,cod
1326,1572,1133,5,1,20260330,da_giao,3,480000.0,1440000.0,cod
1328,1573,1145,7,1,20260331,cho_xac_nhan,4,890000.0,3560000.0,momo
1333,1574,1148,29,2,20260331,dang_giao,4,890000.0,3560000.0,momo
1334,1575,1136,44,4,20260331,da_huy,3,520000.0,1560000.0,cod
1336,1576,1142,50,4,20260331,da_giao,2,780000.0,1560000.0,momo
1338,1577,1147,32,3,20260331,da_giao,1,3200000.0,3200000.0,cod
1341,1578,1137,43,4,20260331,da_giao,4,290000.0,1160000.0,momo
1342,1579,1144,46,4,20260331,da_giao,2,680000.0,1360000.0,cod
1344,1580,1136,20,2,20260331,da_huy,2,890000.0,1780000.0,cod
1346,1581,1134,31,3,20260401,da_giao,2,4200000.0,8400000.0,banking
1348,1582,1131,30,2,20260401,da_giao,2,780000.0,1560000.0,momo
1350,1583,1146,9,1,20260401,da_giao,2,1680000.0,3360000.0,cod
1355,1584,1132,5,1,20260401,da_huy,3,480000.0,1440000.0,cod
1356,1585,1149,67,6,20260401,da_giao,1,420000.0,420000.0,banking
1357,1586,1128,3,1,20260401,da_giao,4,1890000.0,7560000.0,banking
1358,1587,1138,35,3,20260402,da_huy,4,2800000.0,11200000.0,cod
1359,1588,1140,65,5,20260402,da_giao,3,280000.0,840000.0,momo
1364,1589,1135,72,6,20260402,da_giao,4,650000.0,2600000.0,cod
1366,1590,1131,10,1,20260402,dang_chuan_bi,4,1450000.0,5800000.0,banking
1367,1591,1132,11,1,20260402,da_giao,3,230000.0,690000.0,cod
1371,1592,1135,57,5,20260403,dang_chuan_bi,2,320000.0,640000.0,banking
1375,1593,1139,14,1,20260403,da_giao,3,180000.0,540000.0,momo
1376,1594,1135,30,2,20260403,da_giao,2,780000.0,1560000.0,banking
1377,1595,1148,8,1,20260403,da_giao,1,750000.0,750000.0,cod
1378,1596,1134,64,5,20260403,da_giao,4,850000.0,3400000.0,cod
1382,1597,1147,55,5,20260403,da_giao,2,620000.0,1240000.0,banking
1387,1598,1147,57,5,20260403,da_huy,2,320000.0,640000.0,cod
1390,1599,1144,25,2,20260404,da_giao,3,1100000.0,3300000.0,momo
1392,1600,1141,34,3,20260404,da_giao,3,2800000.0,8400000.0,banking
1395,1601,1133,7,1,20260404,dang_chuan_bi,4,890000.0,3560000.0,momo
1399,1602,1143,39,3,20260405,dang_chuan_bi,3,2900000.0,8700000.0,banking
1401,1603,1144,42,3,20260405,da_giao,4,2600000.0,10400000.0,cod
1404,1604,1137,42,3,20260405,da_huy,2,2600000.0,5200000.0,momo
1406,1605,1149,20,2,20260405,cho_xac_nhan,3,890000.0,2670000.0,cod
1407,1606,1148,38,3,20260405,da_giao,3,2300000.0,6900000.0,cod
1409,1607,1010,9,1,20260405,dang_chuan_bi,2,1680000.0,3360000.0,banking
1411,1608,1146,1,1,20260406,da_giao,4,1250000.0,5000000.0,cod
1412,1609,1132,12,1,20260406,cho_xac_nhan,1,340000.0,340000.0,cod
1414,1610,1147,47,4,20260406,da_giao,2,320000.0,640000.0,momo
1415,1611,1047,6,1,20260406,da_giao,2,1100000.0,2200000.0,momo
1416,1612,1131,51,4,20260406,da_giao,1,650000.0,650000.0,banking
1418,1613,1141,38,3,20260406,da_giao,4,2300000.0,9200000.0,cod
1420,1614,1137,14,1,20260406,dang_chuan_bi,4,180000.0,720000.0,cod
1421,1615,1142,31,3,20260406,da_giao,1,4200000.0,4200000.0,banking
1422,1616,1127,51,4,20260407,da_giao,4,650000.0,2600000.0,cod
1423,1617,1143,11,1,20260407,dang_chuan_bi,1,230000.0,230000.0,cod
1424,1618,1142,4,1,20260407,dang_chuan_bi,1,385000.0,385000.0,momo
1429,1619,1137,1,1,20260407,cho_xac_nhan,1,1250000.0,1250000.0,cod
1431,1620,1137,18,1,20260407,da_giao,2,350000.0,700000.0,momo
1432,1621,1131,6,1,20260407,da_giao,1,1100000.0,1100000.0,banking
1434,1622,1087,40,3,20260407,dang_giao,4,2500000.0,10000000.0,banking
1435,1623,1129,9,1,20260408,da_giao,4,1680000.0,6720000.0,banking
1436,1624,1128,13,1,20260408,cho_xac_nhan,4,420000.0,1680000.0,cod
1437,1625,1135,12,1,20260408,dang_chuan_bi,1,340000.0,340000.0,momo
1442,1626,1131,15,1,20260408,da_giao,3,320000.0,960000.0,momo
1445,1627,1143,27,2,20260408,da_giao,3,620000.0,1860000.0,cod
1447,1628,1131,2,1,20260408,da_giao,1,2890000.0,2890000.0,momo
1448,1629,1132,11,1,20260408,da_giao,4,230000.0,920000.0,momo
1449,1630,1022,28,2,20260409,da_giao,4,720000.0,2880000.0,momo
1451,1631,1137,35,3,20260409,dang_chuan_bi,3,2800000.0,8400000.0,cod
1453,1632,1145,69,6,20260409,da_giao,1,320000.0,320000.0,banking
1454,1633,1129,67,6,20260409,da_giao,2,420000.0,840000.0,banking
1455,1634,1128,39,3,20260410,da_giao,4,2900000.0,11600000.0,cod
1456,1635,1092,73,6,20260410,da_giao,1,890000.0,890000.0,cod
1459,1636,1146,48,4,20260410,cho_xac_nhan,4,920000.0,3680000.0,banking
1464,1637,1129,28,2,20260410,da_giao,1,720000.0,720000.0,cod
1466,1638,1140,14,1,20260410,da_huy,3,180000.0,540000.0,cod
1468,1639,1142,15,1,20260410,da_giao,4,320000.0,1280000.0,cod
1470,1640,1042,12,1,20260410,da_giao,3,340000.0,1020000.0,cod
1471,1641,1132,6,1,20260411,da_giao,3,1100000.0,3300000.0,banking
1472,1642,1140,4,1,20260411,da_giao,3,385000.0,1155000.0,momo
1474,1643,1131,25,2,20260411,da_giao,3,1100000.0,3300000.0,cod
1479,1644,1132,57,5,20260411,da_giao,3,320000.0,960000.0,banking
1481,1645,1130,20,2,20260412,da_giao,2,890000.0,1780000.0,cod
1482,1646,1139,58,5,20260412,da_giao,4,320000.0,1280000.0,momo
1487,1647,1148,16,1,20260412,da_giao,2,210000.0,420000.0,momo
1489,1648,1134,52,4,20260412,da_giao,2,580000.0,1160000.0,momo
1491,1649,1147,65,5,20260412,cho_xac_nhan,3,280000.0,840000.0,banking
1496,1650,1063,3,1,20260412,da_giao,4,1890000.0,7560000.0,cod
1497,1651,1131,13,1,20260412,cho_xac_nhan,3,420000.0,1260000.0,cod
1498,1652,1147,35,3,20260412,cho_xac_nhan,2,2800000.0,5600000.0,banking
1499,1653,1138,16,1,20260413,da_giao,3,210000.0,630000.0,momo
1503,1654,1139,43,4,20260413,da_giao,3,290000.0,870000.0,banking
1508,1655,1136,36,3,20260413,da_giao,2,2100000.0,4200000.0,banking
1509,1656,1146,47,4,20260413,da_giao,1,320000.0,320000.0,cod
1510,1657,1003,21,2,20260413,da_giao,1,780000.0,780000.0,cod
1511,1658,1149,1,1,20260413,da_giao,4,1250000.0,5000000.0,cod
1513,1659,1142,9,1,20260413,da_giao,1,1680000.0,1680000.0,cod
1515,1660,1137,33,3,20260413,da_giao,4,2450000.0,9800000.0,cod
1516,1661,1131,3,1,20260413,da_giao,3,1890000.0,5670000.0,banking
1518,1662,1133,59,5,20260413,dang_giao,2,890000.0,1780000.0,cod
1520,1663,1147,60,5,20260414,da_giao,4,520000.0,2080000.0,cod
1521,1664,1099,20,2,20260414,dang_chuan_bi,1,890000.0,890000.0,cod
1525,1665,1085,14,1,20260414,da_giao,3,180000.0,540000.0,cod
1527,1666,1136,59,5,20260415,da_giao,2,890000.0,1780000.0,cod
1529,1667,1144,1,1,20260415,da_giao,1,1250000.0,1250000.0,banking
1530,1668,1146,66,5,20260415,dang_giao,1,190000.0,190000.0,cod
1531,1669,1147,13,1,20260415,dang_giao,3,420000.0,1260000.0,cod
1533,1670,1129,24,2,20260416,cho_xac_nhan,2,950000.0,1900000.0,cod
1535,1671,1141,5,1,20260416,da_giao,2,480000.0,960000.0,banking
1537,1672,1144,13,1,20260416,da_giao,4,420000.0,1680000.0,momo
1539,1673,1138,15,1,20260416,dang_giao,2,320000.0,640000.0,banking
1540,1674,1147,6,1,20260416,da_giao,1,1100000.0,1100000.0,cod
1541,1675,1067,40,3,20260416,da_giao,3,2500000.0,7500000.0,momo
1546,1676,1128,5,1,20260416,da_giao,4,480000.0,1920000.0,banking
1548,1677,1139,58,5,20260416,da_huy,4,320000.0,1280000.0,cod
1550,1678,1136,76,6,20260416,cho_xac_nhan,3,280000.0,840000.0,cod
1552,1679,1143,30,2,20260417,da_giao,4,780000.0,3120000.0,momo
1554,1680,1030,45,4,20260417,dang_giao,3,480000.0,1440000.0,cod
1556,1681,1145,21,2,20260417,dang_giao,2,780000.0,1560000.0,banking
1561,1682,1135,13,1,20260417,da_giao,2,420000.0,840000.0,banking
1565,1683,1146,29,2,20260417,da_giao,1,890000.0,890000.0,banking
1568,1684,1135,38,3,20260417,cho_xac_nhan,3,2300000.0,6900000.0,banking
1570,1685,1146,41,3,20260418,dang_giao,3,3400000.0,10200000.0,banking
1572,1686,1149,14,1,20260418,da_giao,3,180000.0,540000.0,cod
1573,1687,1065,62,5,20260418,da_giao,3,450000.0,1350000.0,cod
1575,1688,1142,53,4,20260418,da_giao,1,220000.0,220000.0,banking
1576,1689,1134,62,5,20260418,da_giao,3,450000.0,1350000.0,cod
1577,1690,1133,8,1,20260418,dang_giao,2,750000.0,1500000.0,banking
1578,1691,1139,15,1,20260418,dang_giao,1,320000.0,320000.0,cod
1579,1692,1147,3,1,20260419,da_giao,4,1890000.0,7560000.0,banking
1581,1693,1129,65,5,20260419,cho_xac_nhan,1,280000.0,280000.0,banking
1585,1694,1145,34,3,20260419,da_giao,3,2800000.0,8400000.0,banking
1590,1695,1141,42,3,20260419,da_giao,1,2600000.0,2600000.0,cod
1591,1696,1132,10,1,20260419,dang_chuan_bi,2,1450000.0,2900000.0,cod
1593,1697,1083,29,2,20260419,da_huy,3,890000.0,2670000.0,cod
1594,1698,1133,1,1,20260419,da_huy,4,1250000.0,5000000.0,momo
1596,1699,1143,68,6,20260419,cho_xac_nhan,4,520000.0,2080000.0,cod
1598,1700,1143,19,2,20260420,dang_giao,1,1350000.0,1350000.0,cod
1600,1701,1130,31,3,20260420,da_giao,3,4200000.0,12600000.0,cod
1601,1702,1145,2,1,20260420,dang_giao,1,2890000.0,2890000.0,momo
1605,1703,1133,12,1,20260420,dang_chuan_bi,3,340000.0,1020000.0,banking
1606,1704,1130,8,1,20260420,da_giao,2,750000.0,1500000.0,cod
1607,1705,1128,7,1,20260420,dang_chuan_bi,4,890000.0,3560000.0,banking
1608,1706,1137,2,1,20260420,da_giao,2,2890000.0,5780000.0,momo
1609,1707,1148,50,4,20260420,cho_xac_nhan,3,780000.0,2340000.0,cod
1610,1708,1134,3,1,20260420,da_giao,4,1890000.0,7560000.0,banking
1612,1709,1129,8,1,20260420,da_giao,1,750000.0,750000.0,momo
1614,1710,1138,62,5,20260421,da_giao,1,450000.0,450000.0,momo
1615,1711,1129,55,5,20260421,dang_giao,2,620000.0,1240000.0,cod
1617,1712,1144,25,2,20260421,dang_chuan_bi,1,1100000.0,1100000.0,momo
1618,1713,1140,67,6,20260421,dang_chuan_bi,4,420000.0,1680000.0,cod
1619,1714,1136,65,5,20260421,da_giao,1,280000.0,280000.0,cod
1621,1715,1089,2,1,20260421,da_giao,3,2890000.0,8670000.0,momo
1626,1716,1134,43,4,20260421,da_giao,1,290000.0,290000.0,cod
1628,1717,1077,32,3,20260421,da_giao,1,3200000.0,3200000.0,momo
1630,1718,1145,5,1,20260421,cho_xac_nhan,1,480000.0,480000.0,banking
1632,1719,1134,3,1,20260421,da_giao,3,1890000.0,5670000.0,cod
1634,1720,1146,14,1,20260421,da_giao,1,180000.0,180000.0,cod
1636,1721,1129,37,3,20260421,da_giao,2,3100000.0,6200000.0,cod
1638,1722,1140,2,1,20260422,da_giao,4,2890000.0,11560000.0,banking
1641,1723,1137,61,5,20260422,da_giao,2,780000.0,1560000.0,cod
1642,1724,1128,63,5,20260422,da_giao,4,750000.0,3000000.0,cod
1643,1725,1146,51,4,20260422,da_giao,1,650000.0,650000.0,cod
1645,1726,1129,20,2,20260422,dang_chuan_bi,4,890000.0,3560000.0,cod
1649,1727,1079,54,4,20260422,cho_xac_nhan,4,620000.0,2480000.0,cod
1653,1728,1136,3,1,20260423,dang_giao,4,1890000.0,7560000.0,cod
1654,1729,1146,30,2,20260423,da_giao,3,780000.0,2340000.0,cod
1655,1730,1141,36,3,20260423,da_giao,1,2100000.0,2100000.0,banking
1656,1731,1148,5,1,20260423,cho_xac_nhan,1,480000.0,480000.0,cod
1658,1732,1139,27,2,20260423,da_giao,1,620000.0,620000.0,cod
1660,1733,1104,78,6,20260423,da_giao,2,950000.0,1900000.0,momo
1662,1734,1137,23,2,20260423,dang_giao,1,780000.0,780000.0,banking
1664,1735,1130,6,1,20260423,da_giao,2,1100000.0,2200000.0,cod
1666,1736,1146,3,1,20260423,da_giao,1,1890000.0,1890000.0,cod
1668,1737,1149,9,1,20260424,cho_xac_nhan,1,1680000.0,1680000.0,banking
1673,1738,1130,34,3,20260424,da_giao,1,2800000.0,2800000.0,banking
1675,1739,1146,37,3,20260424,da_giao,3,3100000.0,9300000.0,banking
1677,1740,1129,4,1,20260425,da_giao,3,385000.0,1155000.0,banking
1678,1741,1133,38,3,20260425,da_huy,3,2300000.0,6900000.0,banking
1680,1742,1147,34,3,20260425,da_giao,4,2800000.0,11200000.0,banking
1681,1743,1137,67,6,20260425,da_giao,2,420000.0,840000.0,cod
1683,1744,1130,74,6,20260425,da_giao,4,480000.0,1920000.0,banking
1687,1745,1129,5,1,20260425,da_giao,1,480000.0,480000.0,cod
1689,1746,1105,61,5,20260426,dang_giao,3,780000.0,2340000.0,cod
1690,1747,1122,3,1,20260426,dang_giao,4,1890000.0,7560000.0,momo
1694,1748,1104,12,1,20260426,da_giao,4,340000.0,1360000.0,cod
1696,1749,1130,60,5,20260426,da_giao,2,520000.0,1040000.0,cod
1697,1750,1126,2,1,20260426,dang_giao,4,2890000.0,11560000.0,cod
1698,1751,1143,65,5,20260426,da_giao,1,280000.0,280000.0,momo
1701,1752,1142,4,1,20260426,da_huy,1,385000.0,385000.0,cod
1703,1753,1139,35,3,20260426,da_giao,4,2800000.0,11200000.0,banking
1705,1754,1015,31,3,20260426,da_giao,4,4200000.0,16800000.0,momo
1707,1755,1149,51,4,20260427,da_huy,3,650000.0,1950000.0,banking
1710,1756,1095,69,6,20260427,da_giao,4,320000.0,1280000.0,cod
1711,1757,1133,31,3,20260427,cho_xac_nhan,2,4200000.0,8400000.0,cod
1713,1758,1140,20,2,20260427,da_giao,4,890000.0,3560000.0,banking
1715,1759,1139,4,1,20260427,da_giao,4,385000.0,1540000.0,cod
1717,1760,1129,6,1,20260427,da_giao,3,1100000.0,3300000.0,banking
1719,1761,1118,7,1,20260427,da_giao,2,890000.0,1780000.0,cod
1720,1762,1116,5,1,20260427,da_giao,1,480000.0,480000.0,momo
1722,1763,1148,6,1,20260428,da_giao,2,1100000.0,2200000.0,cod
1723,1764,1128,6,1,20260428,da_giao,1,1100000.0,1100000.0,cod
1725,1765,1132,54,4,20260428,da_giao,2,620000.0,1240000.0,momo
1726,1766,1142,31,3,20260429,dang_chuan_bi,3,4200000.0,12600000.0,cod
1729,1767,1133,29,2,20260429,da_giao,3,890000.0,2670000.0,banking
1731,1768,1148,8,1,20260429,da_giao,4,750000.0,3000000.0,cod
1732,1769,1145,10,1,20260429,da_giao,1,1450000.0,1450000.0,cod
1734,1770,1135,26,2,20260429,da_giao,1,850000.0,850000.0,cod
1736,1771,1128,3,1,20260429,da_giao,1,1890000.0,1890000.0,cod
1737,1772,1114,61,5,20260429,da_huy,2,780000.0,1560000.0,cod
1738,1773,1136,60,5,20260429,da_giao,1,520000.0,520000.0,momo
1743,1774,1136,7,1,20260429,cho_xac_nhan,2,890000.0,1780000.0,momo
1744,1775,1117,49,4,20260429,cho_xac_nhan,2,180000.0,360000.0,cod
1746,1776,1007,38,3,20260501,da_giao,4,2300000.0,9200000.0,cod
1748,1777,1137,11,1,20260501,da_giao,1,230000.0,230000.0,cod
1751,1778,1135,27,2,20260501,da_huy,2,620000.0,1240000.0,momo
1753,1779,1135,4,1,20260501,da_giao,4,385000.0,1540000.0,cod
1754,1780,1115,36,3,20260501,da_giao,2,2100000.0,4200000.0,momo
1755,1781,1139,12,1,20260501,cho_xac_nhan,2,340000.0,680000.0,momo
1756,1782,1140,8,1,20260502,da_giao,1,750000.0,750000.0,banking
1757,1783,1135,65,5,20260502,da_giao,1,280000.0,280000.0,cod
1761,1784,1136,18,1,20260502,da_giao,2,350000.0,700000.0,cod
1765,1785,1139,39,3,20260502,da_giao,1,2900000.0,2900000.0,cod
1767,1786,1138,10,1,20260503,da_giao,4,1450000.0,5800000.0,banking
1769,1787,1138,15,1,20260503,cho_xac_nhan,2,320000.0,640000.0,banking
1770,1788,1149,10,1,20260503,da_giao,3,1450000.0,4350000.0,cod
1772,1789,1145,51,4,20260503,dang_giao,4,650000.0,2600000.0,cod
1777,1790,1103,45,4,20260503,da_giao,3,480000.0,1440000.0,cod
1778,1791,1143,5,1,20260503,da_giao,4,480000.0,1920000.0,cod
1782,1792,1143,59,5,20260503,dang_chuan_bi,3,890000.0,2670000.0,banking
1783,1793,1142,34,3,20260503,da_giao,1,2800000.0,2800000.0,cod
1784,1794,1147,2,1,20260504,da_giao,1,2890000.0,2890000.0,banking
1785,1795,1013,5,1,20260504,da_giao,1,480000.0,480000.0,banking
1786,1796,1145,15,1,20260504,da_giao,2,320000.0,640000.0,cod
1791,1797,1131,21,2,20260504,da_giao,3,780000.0,2340000.0,cod
1796,1798,1134,24,2,20260504,da_giao,2,950000.0,1900000.0,banking
1798,1799,1051,11,1,20260504,cho_xac_nhan,3,230000.0,690000.0,momo
1799,1800,1128,4,1,20260504,dang_giao,1,385000.0,385000.0,cod
1803,1801,1092,24,2,20260504,da_giao,1,950000.0,950000.0,momo
1806,1802,1144,10,1,20260504,da_giao,2,1450000.0,2900000.0,cod
1808,1803,1132,67,6,20260504,da_giao,3,420000.0,1260000.0,cod
1812,1804,1136,12,1,20260504,da_giao,2,340000.0,680000.0,cod
1813,1805,1144,58,5,20260504,da_giao,4,320000.0,1280000.0,banking
1814,1806,1133,22,2,20260505,da_giao,4,620000.0,2480000.0,momo
1819,1807,1054,52,4,20260505,da_giao,1,580000.0,580000.0,cod
1821,1808,1143,5,1,20260505,da_huy,1,480000.0,480000.0,momo
1823,1809,1148,63,5,20260506,dang_giao,3,750000.0,2250000.0,cod
1824,1810,1134,16,1,20260506,da_giao,3,210000.0,630000.0,cod
1829,1811,1113,5,1,20260506,cho_xac_nhan,4,480000.0,1920000.0,momo
1831,1812,1133,52,4,20260506,da_giao,3,580000.0,1740000.0,cod
1833,1813,1132,67,6,20260506,da_giao,2,420000.0,840000.0,momo
1836,1814,1143,6,1,20260506,da_giao,2,1100000.0,2200000.0,banking
1837,1815,1102,46,4,20260506,da_giao,3,680000.0,2040000.0,banking
1840,1816,1137,22,2,20260507,da_giao,4,620000.0,2480000.0,cod
1844,1817,1128,71,6,20260507,da_giao,1,185000.0,185000.0,banking
1846,1818,1142,3,1,20260507,da_huy,4,1890000.0,7560000.0,cod
1848,1819,1116,6,1,20260507,da_giao,4,1100000.0,4400000.0,cod
1852,1820,1133,23,2,20260507,dang_giao,1,780000.0,780000.0,cod
1854,1821,1140,5,1,20260507,da_giao,1,480000.0,480000.0,banking
1855,1822,1129,27,2,20260507,da_giao,1,620000.0,620000.0,banking
1859,1823,1133,11,1,20260507,dang_giao,1,230000.0,230000.0,banking
1861,1824,1135,40,3,20260507,da_giao,4,2500000.0,10000000.0,banking
1862,1825,1128,61,5,20260507,da_giao,3,780000.0,2340000.0,momo
1864,1826,1128,35,3,20260507,cho_xac_nhan,4,2800000.0,11200000.0,cod
1866,1827,1144,17,1,20260507,da_giao,2,680000.0,1360000.0,cod
1867,1828,1130,61,5,20260508,da_giao,4,780000.0,3120000.0,banking
1872,1829,1144,10,1,20260508,dang_giao,3,1450000.0,4350000.0,cod
1875,1830,1134,38,3,20260508,da_huy,4,2300000.0,9200000.0,cod
1876,1831,1136,48,4,20260508,dang_giao,4,920000.0,3680000.0,cod
1878,1832,1142,40,3,20260509,da_giao,3,2500000.0,7500000.0,momo
1879,1833,1135,72,6,20260509,dang_chuan_bi,1,650000.0,650000.0,banking
1883,1834,1146,11,1,20260510,dang_chuan_bi,3,230000.0,690000.0,momo
1886,1835,1147,20,2,20260510,da_giao,2,890000.0,1780000.0,cod
1887,1836,1138,11,1,20260510,cho_xac_nhan,2,230000.0,460000.0,momo
1889,1837,1129,4,1,20260510,da_giao,4,385000.0,1540000.0,cod
1891,1838,1070,10,1,20260510,da_giao,3,1450000.0,4350000.0,cod
1893,1839,1130,70,6,20260510,da_giao,3,180000.0,540000.0,cod
1894,1840,1146,1,1,20260510,da_giao,4,1250000.0,5000000.0,cod
1897,1841,1066,75,6,20260510,da_giao,2,280000.0,560000.0,momo
1900,1842,1137,9,1,20260511,da_huy,2,1680000.0,3360000.0,banking
1902,1843,1130,45,4,20260511,da_giao,2,480000.0,960000.0,momo
1903,1844,1144,34,3,20260511,da_giao,3,2800000.0,8400000.0,cod
1908,1845,1128,56,5,20260511,da_giao,2,580000.0,1160000.0,banking
1910,1846,1129,23,2,20260511,da_giao,1,780000.0,780000.0,banking
1911,1847,1038,22,2,20260511,dang_chuan_bi,1,620000.0,620000.0,banking
1913,1848,1134,33,3,20260512,da_giao,1,2450000.0,2450000.0,banking
1915,1849,1149,21,2,20260512,da_giao,2,780000.0,1560000.0,momo
1920,1850,1148,38,3,20260512,da_giao,2,2300000.0,4600000.0,momo
1921,1851,1124,70,6,20260512,dang_chuan_bi,4,180000.0,720000.0,cod
1923,1852,1133,37,3,20260512,dang_chuan_bi,3,3100000.0,9300000.0,cod
1927,1853,1140,6,1,20260512,dang_chuan_bi,3,1100000.0,3300000.0,cod
1932,1854,1142,9,1,20260512,da_giao,4,1680000.0,6720000.0,momo
1933,1855,1090,15,1,20260513,da_giao,3,320000.0,960000.0,cod
1936,1856,1142,61,5,20260513,da_giao,1,780000.0,780000.0,cod
1938,1857,1081,73,6,20260513,da_giao,3,890000.0,2670000.0,momo
1939,1858,1147,15,1,20260513,da_giao,1,320000.0,320000.0,banking
1942,1859,1133,42,3,20260513,cho_xac_nhan,3,2600000.0,7800000.0,banking
1944,1860,1137,68,6,20260514,da_huy,3,520000.0,1560000.0,banking
1949,1861,1126,12,1,20260514,cho_xac_nhan,3,340000.0,1020000.0,banking
1950,1862,1137,11,1,20260514,cho_xac_nhan,4,230000.0,920000.0,cod
1953,1863,1149,56,5,20260514,dang_giao,3,580000.0,1740000.0,cod
1954,1864,1032,43,4,20260514,da_giao,4,290000.0,1160000.0,banking
1957,1865,1142,32,3,20260515,da_giao,4,3200000.0,12800000.0,cod
1961,1866,1125,56,5,20260515,dang_giao,1,580000.0,580000.0,cod
1964,1867,1147,7,1,20260515,da_giao,1,890000.0,890000.0,cod
1967,1868,1135,20,2,20260515,da_giao,1,890000.0,890000.0,momo
1969,1869,1140,52,4,20260515,da_giao,1,580000.0,580000.0,cod
1970,1870,1138,35,3,20260515,cho_xac_nhan,4,2800000.0,11200000.0,banking
1972,1871,1134,30,2,20260515,dang_chuan_bi,3,780000.0,2340000.0,banking
1973,1872,1149,10,1,20260515,da_giao,4,1450000.0,5800000.0,banking
1974,1873,1088,9,1,20260516,cho_xac_nhan,1,1680000.0,1680000.0,momo
1975,1874,1021,63,5,20260516,cho_xac_nhan,2,750000.0,1500000.0,cod
1979,1875,1141,31,3,20260516,da_giao,2,4200000.0,8400000.0,cod
1981,1876,1148,71,6,20260516,dang_giao,4,185000.0,740000.0,cod
1983,1877,1132,15,1,20260516,dang_chuan_bi,1,320000.0,320000.0,cod
1988,1878,1143,36,3,20260516,dang_giao,2,2100000.0,4200000.0,banking
1989,1879,1133,75,6,20260516,da_giao,4,280000.0,1120000.0,momo
1992,1880,1145,43,4,20260516,dang_chuan_bi,3,290000.0,870000.0,cod
1996,1881,1137,38,3,20260516,cho_xac_nhan,2,2300000.0,4600000.0,cod
1997,1882,1025,67,6,20260516,dang_giao,3,420000.0,1260000.0,cod
2002,1883,1148,25,2,20260516,da_giao,2,1100000.0,2200000.0,banking
2005,1884,1149,53,4,20260516,cho_xac_nhan,1,220000.0,220000.0,cod
2010,1885,1128,3,1,20260517,da_giao,3,1890000.0,5670000.0,cod
2012,1886,1137,3,1,20260517,da_giao,1,1890000.0,1890000.0,cod
2014,1887,1080,48,4,20260517,da_giao,4,920000.0,3680000.0,banking
2019,1888,1131,40,3,20260518,da_giao,2,2500000.0,5000000.0,momo
2021,1889,1139,57,5,20260518,dang_chuan_bi,1,320000.0,320000.0,banking
2022,1890,1107,10,1,20260518,dang_giao,4,1450000.0,5800000.0,banking
2024,1891,1034,61,5,20260518,cho_xac_nhan,1,780000.0,780000.0,banking
2026,1892,1133,6,1,20260518,da_giao,2,1100000.0,2200000.0,cod
2028,1893,1133,41,3,20260518,dang_chuan_bi,2,3400000.0,6800000.0,banking
2029,1894,1017,36,3,20260518,dang_giao,4,2100000.0,8400000.0,banking
2034,1895,1140,27,2,20260518,da_giao,4,620000.0,2480000.0,cod
2035,1896,1148,7,1,20260518,da_giao,2,890000.0,1780000.0,banking
2039,1897,1141,14,1,20260519,da_giao,3,180000.0,540000.0,cod
2041,1898,1040,32,3,20260519,da_giao,1,3200000.0,3200000.0,cod
2042,1899,1149,29,2,20260519,da_giao,2,890000.0,1780000.0,cod
2044,1900,1148,38,3,20260519,da_giao,3,2300000.0,6900000.0,cod
2046,1901,1068,6,1,20260519,cho_xac_nhan,4,1100000.0,4400000.0,cod
2049,1902,1133,8,1,20260519,da_giao,1,750000.0,750000.0,cod
2052,1903,1122,17,1,20260519,dang_giao,4,680000.0,2720000.0,cod
2054,1904,1139,48,4,20260519,da_giao,2,920000.0,1840000.0,banking
2056,1905,1131,15,1,20260520,da_giao,4,320000.0,1280000.0,banking
2059,1906,1140,7,1,20260520,da_giao,4,890000.0,3560000.0,cod
2060,1907,1130,53,4,20260520,da_giao,4,220000.0,880000.0,banking
2065,1908,1132,1,1,20260520,da_giao,1,1250000.0,1250000.0,cod
2067,1909,1147,56,5,20260520,cho_xac_nhan,4,580000.0,2320000.0,cod
2068,1910,1140,2,1,20260520,da_giao,2,2890000.0,5780000.0,cod
2069,1911,1144,3,1,20260520,da_giao,1,1890000.0,1890000.0,cod
2070,1912,1133,65,5,20260520,da_giao,1,280000.0,280000.0,banking
2073,1913,1146,55,5,20260520,da_giao,4,620000.0,2480000.0,banking
2074,1914,1136,30,2,20260520,da_giao,3,780000.0,2340000.0,banking
2076,1915,1134,6,1,20260521,da_giao,2,1100000.0,2200000.0,momo
2078,1916,1133,2,1,20260521,da_giao,3,2890000.0,8670000.0,banking
2080,1917,1129,60,5,20260521,da_giao,4,520000.0,2080000.0,cod
2081,1918,1147,10,1,20260522,dang_giao,2,1450000.0,2900000.0,cod
2084,1919,1131,46,4,20260522,dang_giao,4,680000.0,2720000.0,momo
2087,1920,1131,43,4,20260522,da_giao,2,290000.0,580000.0,cod
2091,1921,1073,6,1,20260522,da_giao,1,1100000.0,1100000.0,banking
2093,1922,1137,3,1,20260522,dang_chuan_bi,1,1890000.0,1890000.0,cod
2096,1923,1062,45,4,20260522,da_giao,4,480000.0,1920000.0,banking
2098,1924,1141,26,2,20260522,dang_chuan_bi,4,850000.0,3400000.0,momo
2103,1925,1147,18,1,20260522,da_giao,1,350000.0,350000.0,banking
2105,1926,1143,24,2,20260523,da_giao,2,950000.0,1900000.0,cod
2107,1927,1146,13,1,20260523,da_giao,4,420000.0,1680000.0,cod
2109,1928,1148,3,1,20260523,cho_xac_nhan,2,1890000.0,3780000.0,cod
2111,1929,1139,8,1,20260523,da_giao,3,750000.0,2250000.0,cod
2112,1930,1076,4,1,20260523,da_giao,2,385000.0,770000.0,momo
2113,1931,1142,9,1,20260523,da_giao,1,1680000.0,1680000.0,cod
2115,1932,1093,31,3,20260524,da_giao,1,4200000.0,4200000.0,cod
2117,1933,1048,43,4,20260524,cho_xac_nhan,2,290000.0,580000.0,cod
2122,1934,1136,5,1,20260524,da_giao,3,480000.0,1440000.0,cod
2127,1935,1135,68,6,20260524,cho_xac_nhan,3,520000.0,1560000.0,cod
2129,1936,1069,41,3,20260525,da_giao,2,3400000.0,6800000.0,cod
2130,1937,1142,16,1,20260525,dang_chuan_bi,2,210000.0,420000.0,banking
2132,1938,1147,26,2,20260525,da_giao,2,850000.0,1700000.0,cod
2134,1939,1139,19,2,20260525,da_giao,3,1350000.0,4050000.0,banking
2135,1940,1027,54,4,20260526,da_giao,3,620000.0,1860000.0,cod
2137,1941,1145,18,1,20260526,da_giao,3,350000.0,1050000.0,momo
2139,1942,1149,14,1,20260526,cho_xac_nhan,1,180000.0,180000.0,banking
2141,1943,1132,57,5,20260526,da_giao,3,320000.0,960000.0,momo
2143,1944,1016,13,1,20260526,da_giao,2,420000.0,840000.0,cod
2145,1945,1148,7,1,20260526,da_giao,3,890000.0,2670000.0,cod
2146,1946,1131,3,1,20260526,da_giao,4,1890000.0,7560000.0,cod
2148,1947,1132,50,4,20260526,cho_xac_nhan,1,780000.0,780000.0,cod
2150,1948,1135,10,1,20260527,da_giao,4,1450000.0,5800000.0,banking
2152,1949,1130,9,1,20260527,da_giao,3,1680000.0,5040000.0,banking
2155,1950,1141,4,1,20260527,dang_chuan_bi,4,385000.0,1540000.0,momo
2156,1951,1131,56,5,20260527,dang_giao,1,580000.0,580000.0,cod
2160,1952,1101,15,1,20260527,da_giao,3,320000.0,960000.0,cod
2161,1953,1064,55,5,20260527,da_giao,3,620000.0,1860000.0,cod
2162,1954,1146,53,4,20260527,da_giao,1,220000.0,220000.0,cod
2167,1955,1146,12,1,20260527,cho_xac_nhan,4,340000.0,1360000.0,cod
2168,1956,1095,54,4,20260528,da_giao,3,620000.0,1860000.0,cod
2171,1957,1137,64,5,20260528,cho_xac_nhan,4,850000.0,3400000.0,cod
2173,1958,1129,21,2,20260528,da_giao,4,780000.0,3120000.0,banking
2174,1959,1024,35,3,20260529,dang_giao,2,2800000.0,5600000.0,banking
2175,1960,1136,41,3,20260529,cho_xac_nhan,3,3400000.0,10200000.0,banking
2178,1961,1098,41,3,20260529,da_giao,3,3400000.0,10200000.0,cod
2181,1962,1149,8,1,20260529,da_giao,4,750000.0,3000000.0,momo
2183,1963,1134,4,1,20260529,da_giao,1,385000.0,385000.0,cod
2187,1964,1147,49,4,20260529,da_giao,1,180000.0,180000.0,momo
2191,1965,1132,59,5,20260529,cho_xac_nhan,1,890000.0,890000.0,banking
2192,1966,1131,11,1,20260529,cho_xac_nhan,3,230000.0,690000.0,cod
2193,1967,1145,11,1,20260530,da_giao,4,230000.0,920000.0,momo
2194,1968,1012,6,1,20260530,da_giao,2,1100000.0,2200000.0,cod
2195,1969,1146,46,4,20260530,da_giao,1,680000.0,680000.0,cod
2196,1970,1135,13,1,20260530,cho_xac_nhan,2,420000.0,840000.0,banking
2197,1971,1002,31,3,20260530,da_giao,4,4200000.0,16800000.0,momo
2199,1972,1147,13,1,20260530,da_giao,3,420000.0,1260000.0,cod
2201,1973,1146,74,6,20260530,da_giao,1,480000.0,480000.0,cod
2202,1974,1137,8,1,20260530,da_giao,4,750000.0,3000000.0,cod
2204,1975,1144,27,2,20260531,da_giao,4,620000.0,2480000.0,cod
2207,1976,1084,9,1,20260531,da_giao,3,1680000.0,5040000.0,banking
2209,1977,1143,10,1,20260531,da_huy,3,1450000.0,4350000.0,banking
2212,1978,1130,2,1,20260531,dang_giao,4,2890000.0,11560000.0,cod
2213,1979,1148,26,2,20260531,da_giao,4,850000.0,3400000.0,cod
2214,1980,1133,63,5,20260531,da_giao,2,750000.0,1500000.0,cod
2217,1981,1137,27,2,20260531,da_giao,2,620000.0,1240000.0,banking
2220,1982,1136,17,1,20260531,da_giao,2,680000.0,1360000.0,cod
2221,1983,1148,10,1,20260531,da_giao,2,1450000.0,2900000.0,momo
2223,1984,1053,11,1,20260601,da_giao,2,230000.0,460000.0,cod
2228,1985,1136,34,3,20260601,da_giao,2,2800000.0,5600000.0,momo
2229,1986,1130,49,4,20260601,dang_giao,3,180000.0,540000.0,cod
2230,1987,1097,7,1,20260601,da_giao,2,890000.0,1780000.0,banking
2233,1988,1149,63,5,20260601,da_giao,2,750000.0,1500000.0,cod
2235,1989,1130,7,1,20260601,da_giao,2,890000.0,1780000.0,banking
2239,1990,1090,26,2,20260601,da_giao,2,850000.0,1700000.0,cod
2244,1991,1145,52,4,20260601,dang_chuan_bi,4,580000.0,2320000.0,cod
2245,1992,1132,76,6,20260602,dang_giao,4,280000.0,1120000.0,momo
2247,1993,1143,15,1,20260602,da_giao,4,320000.0,1280000.0,cod
2248,1994,1148,49,4,20260602,da_giao,1,180000.0,180000.0,banking
2252,1995,1131,55,5,20260602,dang_giao,2,620000.0,1240000.0,cod
2257,1996,1128,7,1,20260602,cho_xac_nhan,4,890000.0,3560000.0,cod
2258,1997,1141,61,5,20260602,da_giao,3,780000.0,2340000.0,momo
2260,1998,1144,11,1,20260602,dang_giao,4,230000.0,920000.0,momo
2262,1999,1148,8,1,20260602,dang_giao,2,750000.0,1500000.0,cod
1,1000,1133,12,1,20260101,da_huy,1,340000.0,340000.0,momo
5,1003,1135,8,1,20260102,da_giao,2,750000.0,1500000.0,momo
9,1006,1147,65,5,20260102,da_giao,4,280000.0,1120000.0,momo
12,1008,1138,35,3,20260103,da_giao,4,2800000.0,11200000.0,banking
15,1009,1129,30,2,20260103,dang_giao,3,780000.0,2340000.0,momo
18,1010,1145,67,6,20260103,da_giao,3,420000.0,1260000.0,momo
20,1011,1149,44,4,20260103,da_giao,3,520000.0,1560000.0,banking
25,1013,1146,53,4,20260104,da_giao,4,220000.0,880000.0,cod
30,1017,1145,66,5,20260104,da_giao,3,190000.0,570000.0,banking
33,1018,1144,64,5,20260105,dang_chuan_bi,1,850000.0,850000.0,cod
35,1019,1096,14,1,20260105,da_giao,4,180000.0,720000.0,cod
39,1022,1145,21,2,20260105,dang_giao,2,780000.0,1560000.0,cod
43,1023,1145,31,3,20260105,dang_giao,3,4200000.0,12600000.0,cod
45,1024,1142,37,3,20260105,cho_xac_nhan,2,3100000.0,6200000.0,banking
50,1025,1134,50,4,20260105,dang_giao,3,780000.0,2340000.0,cod
53,1026,1146,15,1,20260105,da_giao,3,320000.0,960000.0,momo
55,1027,1139,38,3,20260105,da_giao,3,2300000.0,6900000.0,cod
60,1028,1148,47,4,20260105,da_giao,3,320000.0,960000.0,cod
63,1030,1130,36,3,20260106,da_giao,4,2100000.0,8400000.0,cod
68,1031,1138,8,1,20260106,da_giao,2,750000.0,1500000.0,banking
71,1033,1129,4,1,20260106,dang_chuan_bi,2,385000.0,770000.0,cod
74,1034,1136,49,4,20260106,cho_xac_nhan,1,180000.0,180000.0,cod
81,1039,1146,76,6,20260107,da_giao,2,280000.0,560000.0,cod
87,1042,1128,58,5,20260108,dang_giao,2,320000.0,640000.0,cod
91,1043,1146,32,3,20260108,dang_giao,2,3200000.0,6400000.0,banking
95,1046,1105,8,1,20260109,da_giao,2,750000.0,1500000.0,momo
100,1047,1134,48,4,20260109,da_giao,2,920000.0,1840000.0,cod
103,1049,1018,11,1,20260109,dang_chuan_bi,2,230000.0,460000.0,cod
107,1050,1142,31,3,20260109,da_giao,3,4200000.0,12600000.0,banking
110,1051,1026,45,4,20260109,da_giao,3,480000.0,1440000.0,banking
112,1052,1137,9,1,20260109,dang_chuan_bi,2,1680000.0,3360000.0,banking
114,1053,1143,55,5,20260109,da_giao,3,620000.0,1860000.0,cod
117,1055,1143,50,4,20260110,da_giao,1,780000.0,780000.0,cod
119,1056,1128,39,3,20260110,da_giao,2,2900000.0,5800000.0,momo
121,1057,1149,11,1,20260110,da_giao,3,230000.0,690000.0,momo
123,1058,1129,52,4,20260110,da_giao,2,580000.0,1160000.0,banking
128,1059,1029,50,4,20260110,cho_xac_nhan,4,780000.0,3120000.0,cod
130,1060,1100,25,2,20260111,dang_chuan_bi,3,1100000.0,3300000.0,banking
132,1061,1148,29,2,20260111,da_giao,4,890000.0,3560000.0,cod
134,1062,1145,60,5,20260111,da_giao,4,520000.0,2080000.0,cod
138,1065,1138,28,2,20260112,da_giao,3,720000.0,2160000.0,banking
140,1066,1147,57,5,20260112,da_giao,1,320000.0,320000.0,cod
142,1067,1142,63,5,20260112,da_giao,1,750000.0,750000.0,banking
144,1068,1143,13,1,20260112,da_giao,2,420000.0,840000.0,cod
147,1070,1143,55,5,20260112,dang_chuan_bi,2,620000.0,1240000.0,banking
150,1071,1043,5,1,20260113,dang_giao,3,480000.0,1440000.0,momo
152,1072,1140,17,1,20260113,da_giao,1,680000.0,680000.0,cod
161,1078,1135,60,5,20260114,da_giao,1,520000.0,520000.0,momo
165,1079,1137,13,1,20260114,da_giao,2,420000.0,840000.0,cod
169,1080,1133,65,5,20260114,da_giao,2,280000.0,560000.0,cod
174,1082,1138,4,1,20260114,da_giao,4,385000.0,1540000.0,cod
179,1083,1129,22,2,20260115,da_giao,4,620000.0,2480000.0,momo
181,1084,1149,13,1,20260115,cho_xac_nhan,1,420000.0,420000.0,cod
186,1085,1140,19,2,20260115,da_giao,3,1350000.0,4050000.0,cod
190,1086,1140,17,1,20260115,da_giao,1,680000.0,680000.0,cod
194,1089,1128,2,1,20260116,da_giao,2,2890000.0,5780000.0,cod
196,1090,1129,44,4,20260116,da_giao,3,520000.0,1560000.0,cod
199,1092,1035,40,3,20260116,cho_xac_nhan,1,2500000.0,2500000.0,banking
205,1094,1135,26,2,20260116,dang_chuan_bi,1,850000.0,850000.0,banking
207,1095,1132,18,1,20260116,cho_xac_nhan,4,350000.0,1400000.0,cod
210,1096,1130,36,3,20260116,da_giao,4,2100000.0,8400000.0,cod
215,1098,1006,14,1,20260117,da_giao,3,180000.0,540000.0,momo
217,1099,1131,16,1,20260117,da_giao,4,210000.0,840000.0,momo
220,1100,1148,2,1,20260117,da_giao,3,2890000.0,8670000.0,cod
222,1101,1128,29,2,20260117,da_giao,1,890000.0,890000.0,banking
225,1103,1143,13,1,20260117,dang_chuan_bi,1,420000.0,420000.0,cod
230,1104,1140,57,5,20260117,da_giao,4,320000.0,1280000.0,cod
233,1105,1148,34,3,20260117,da_giao,3,2800000.0,8400000.0,cod
235,1106,1130,3,1,20260118,da_giao,2,1890000.0,3780000.0,cod
237,1107,1135,9,1,20260118,dang_giao,1,1680000.0,1680000.0,cod
242,1108,1141,50,4,20260118,dang_chuan_bi,3,780000.0,2340000.0,cod
245,1109,1139,24,2,20260118,da_giao,4,950000.0,3800000.0,cod
251,1111,1133,26,2,20260119,da_huy,2,850000.0,1700000.0,cod
253,1112,1135,10,1,20260119,dang_chuan_bi,2,1450000.0,2900000.0,banking
258,1114,1130,36,3,20260119,da_giao,4,2100000.0,8400000.0,cod
263,1117,1133,8,1,20260119,da_giao,3,750000.0,2250000.0,cod
265,1118,1138,31,3,20260120,da_giao,3,4200000.0,12600000.0,banking
267,1119,1149,6,1,20260120,da_giao,2,1100000.0,2200000.0,cod
269,1120,1058,6,1,20260120,da_giao,3,1100000.0,3300000.0,banking
271,1121,1141,4,1,20260120,da_giao,2,385000.0,770000.0,cod
275,1122,1142,57,5,20260120,cho_xac_nhan,4,320000.0,1280000.0,cod
279,1124,1148,57,5,20260121,da_giao,1,320000.0,320000.0,cod
284,1125,1148,62,5,20260121,da_giao,3,450000.0,1350000.0,banking
289,1126,1137,15,1,20260121,da_giao,1,320000.0,320000.0,cod
292,1128,1134,5,1,20260121,da_giao,3,480000.0,1440000.0,banking
294,1129,1123,39,3,20260122,da_giao,2,2900000.0,5800000.0,banking
299,1130,1140,14,1,20260122,da_giao,2,180000.0,360000.0,cod
301,1131,1137,25,2,20260122,dang_chuan_bi,3,1100000.0,3300000.0,cod
304,1133,1128,1,1,20260122,dang_giao,2,1250000.0,2500000.0,cod
306,1134,1140,12,1,20260122,da_giao,3,340000.0,1020000.0,banking
308,1135,1138,26,2,20260123,dang_chuan_bi,4,850000.0,3400000.0,banking
314,1137,1131,43,4,20260123,dang_chuan_bi,4,290000.0,1160000.0,momo
318,1138,1146,66,5,20260123,da_giao,3,190000.0,570000.0,momo
320,1139,1141,10,1,20260123,da_huy,1,1450000.0,1450000.0,banking
323,1141,1146,1,1,20260124,da_giao,3,1250000.0,3750000.0,banking
328,1143,1137,17,1,20260124,da_giao,2,680000.0,1360000.0,banking
330,1144,1131,47,4,20260124,da_giao,4,320000.0,1280000.0,cod
332,1145,1136,9,1,20260124,dang_chuan_bi,1,1680000.0,1680000.0,momo
334,1146,1136,75,6,20260124,dang_chuan_bi,1,280000.0,280000.0,banking
338,1147,1145,5,1,20260124,da_giao,2,480000.0,960000.0,momo
341,1149,1130,14,1,20260125,da_giao,4,180000.0,720000.0,cod
346,1153,1145,27,2,20260126,da_giao,2,620000.0,1240000.0,banking
353,1159,1111,14,1,20260126,dang_chuan_bi,1,180000.0,180000.0,cod
356,1160,1149,7,1,20260126,dang_chuan_bi,4,890000.0,3560000.0,banking
361,1161,1057,2,1,20260126,da_giao,2,2890000.0,5780000.0,cod
363,1162,1133,47,4,20260126,dang_giao,1,320000.0,320000.0,banking
368,1164,1143,66,5,20260127,cho_xac_nhan,1,190000.0,190000.0,banking
371,1166,1130,30,2,20260127,da_giao,1,780000.0,780000.0,banking
373,1167,1134,16,1,20260127,da_giao,1,210000.0,210000.0,momo
375,1168,1144,59,5,20260127,da_giao,2,890000.0,1780000.0,cod
378,1169,1147,14,1,20260128,dang_giao,2,180000.0,360000.0,cod
380,1170,1137,15,1,20260128,da_giao,2,320000.0,640000.0,momo
382,1171,1131,32,3,20260129,cho_xac_nhan,1,3200000.0,3200000.0,banking
384,1172,1145,44,4,20260129,da_giao,2,520000.0,1040000.0,momo
387,1173,1146,3,1,20260129,da_giao,2,1890000.0,3780000.0,cod
390,1175,1146,33,3,20260129,da_giao,2,2450000.0,4900000.0,cod
392,1176,1147,47,4,20260129,dang_giao,4,320000.0,1280000.0,momo
395,1177,1149,15,1,20260129,cho_xac_nhan,3,320000.0,960000.0,momo
400,1178,1136,6,1,20260129,da_giao,2,1100000.0,2200000.0,banking
406,1181,1119,7,1,20260130,da_giao,4,890000.0,3560000.0,banking
408,1182,1133,5,1,20260130,da_giao,1,480000.0,480000.0,banking
410,1183,1128,3,1,20260130,da_huy,3,1890000.0,5670000.0,cod
415,1184,1134,28,2,20260130,da_giao,1,720000.0,720000.0,cod
418,1186,1139,13,1,20260130,cho_xac_nhan,1,420000.0,420000.0,banking
423,1187,1131,62,5,20260130,da_giao,2,450000.0,900000.0,momo
425,1188,1112,30,2,20260130,dang_giao,4,780000.0,3120000.0,banking
429,1189,1148,9,1,20260131,cho_xac_nhan,3,1680000.0,5040000.0,banking
431,1190,1138,37,3,20260131,da_giao,3,3100000.0,9300000.0,banking
434,1191,1138,39,3,20260131,da_giao,2,2900000.0,5800000.0,momo
437,1192,1103,34,3,20260131,da_giao,2,2800000.0,5600000.0,momo
444,1195,1116,59,5,20260131,da_giao,1,890000.0,890000.0,banking
446,1196,1147,50,4,20260131,da_giao,1,780000.0,780000.0,cod
451,1197,1136,5,1,20260201,cho_xac_nhan,1,480000.0,480000.0,cod
456,1198,1148,6,1,20260201,da_giao,2,1100000.0,2200000.0,cod
459,1200,1102,56,5,20260201,dang_giao,4,580000.0,2320000.0,cod
463,1201,1135,13,1,20260202,da_giao,1,420000.0,420000.0,cod
465,1202,1130,33,3,20260202,da_huy,3,2450000.0,7350000.0,cod
467,1203,1128,46,4,20260202,da_giao,2,680000.0,1360000.0,cod
470,1204,1140,68,6,20260202,dang_chuan_bi,4,520000.0,2080000.0,momo
474,1206,1138,6,1,20260202,da_giao,1,1100000.0,1100000.0,cod
479,1207,1120,10,1,20260202,dang_giao,3,1450000.0,4350000.0,momo
481,1208,1143,15,1,20260202,da_giao,1,320000.0,320000.0,cod
484,1209,1148,3,1,20260202,cho_xac_nhan,4,1890000.0,7560000.0,banking
489,1210,1131,5,1,20260203,da_giao,4,480000.0,1920000.0,cod
492,1212,1096,1,1,20260203,da_giao,1,1250000.0,1250000.0,momo
497,1216,1130,13,1,20260203,da_giao,1,420000.0,420000.0,cod
499,1217,1127,14,1,20260203,da_giao,4,180000.0,720000.0,cod
505,1219,1134,4,1,20260204,da_giao,2,385000.0,770000.0,banking
508,1220,1143,50,4,20260204,dang_giao,1,780000.0,780000.0,cod
511,1222,1130,2,1,20260204,da_giao,4,2890000.0,11560000.0,banking
513,1223,1139,12,1,20260204,dang_chuan_bi,2,340000.0,680000.0,cod
516,1225,1146,68,6,20260205,da_giao,2,520000.0,1040000.0,cod
518,1226,1132,12,1,20260205,dang_giao,1,340000.0,340000.0,momo
523,1227,1130,1,1,20260205,dang_giao,2,1250000.0,2500000.0,cod
526,1229,1140,2,1,20260206,da_giao,1,2890000.0,2890000.0,cod
528,1230,1148,76,6,20260206,da_giao,2,280000.0,560000.0,banking
530,1231,1139,76,6,20260206,cho_xac_nhan,4,280000.0,1120000.0,banking
535,1232,1138,2,1,20260206,da_giao,3,2890000.0,8670000.0,cod
540,1233,1143,12,1,20260206,dang_giao,4,340000.0,1360000.0,banking
542,1234,1141,11,1,20260206,da_giao,2,230000.0,460000.0,momo
547,1235,1147,3,1,20260206,da_giao,1,1890000.0,1890000.0,cod
550,1237,1135,1,1,20260207,da_giao,2,1250000.0,2500000.0,cod
552,1238,1078,55,5,20260207,da_giao,3,620000.0,1860000.0,banking
556,1239,1143,15,1,20260207,da_giao,1,320000.0,320000.0,banking
558,1240,1132,46,4,20260207,da_giao,1,680000.0,680000.0,banking
560,1241,1143,78,6,20260207,cho_xac_nhan,2,950000.0,1900000.0,cod
563,1243,1128,20,2,20260207,da_huy,2,890000.0,1780000.0,momo
566,1245,1139,38,3,20260207,da_giao,3,2300000.0,6900000.0,cod
568,1246,1147,7,1,20260208,da_giao,1,890000.0,890000.0,banking
570,1247,1128,35,3,20260208,dang_chuan_bi,3,2800000.0,8400000.0,cod
572,1248,1124,8,1,20260208,da_giao,4,750000.0,3000000.0,cod
578,1251,1129,54,4,20260208,da_giao,1,620000.0,620000.0,cod
580,1252,1149,9,1,20260209,dang_giao,3,1680000.0,5040000.0,cod
582,1253,1091,46,4,20260209,dang_giao,3,680000.0,2040000.0,cod
584,1254,1113,59,5,20260209,da_giao,3,890000.0,2670000.0,banking
590,1256,1131,4,1,20260209,da_giao,4,385000.0,1540000.0,momo
593,1257,1131,61,5,20260210,dang_chuan_bi,3,780000.0,2340000.0,cod
596,1259,1141,12,1,20260210,da_giao,3,340000.0,1020000.0,cod
599,1260,1135,1,1,20260210,da_giao,3,1250000.0,3750000.0,cod
604,1261,1142,68,6,20260210,da_giao,2,520000.0,1040000.0,cod
606,1262,1105,6,1,20260210,dang_chuan_bi,1,1100000.0,1100000.0,banking
611,1263,1139,8,1,20260210,da_giao,4,750000.0,3000000.0,banking
616,1265,1136,55,5,20260211,da_giao,2,620000.0,1240000.0,momo
618,1266,1147,22,2,20260211,dang_giao,2,620000.0,1240000.0,cod
621,1267,1137,14,1,20260211,da_huy,3,180000.0,540000.0,momo
623,1268,1131,25,2,20260211,da_giao,1,1100000.0,1100000.0,banking
625,1269,1138,6,1,20260211,cho_xac_nhan,1,1100000.0,1100000.0,cod
629,1272,1134,10,1,20260212,da_giao,1,1450000.0,1450000.0,cod
631,1273,1004,14,1,20260212,da_giao,3,180000.0,540000.0,banking
635,1276,1140,59,5,20260212,da_giao,3,890000.0,2670000.0,cod
639,1277,1023,7,1,20260212,da_giao,2,890000.0,1780000.0,banking
642,1278,1133,41,3,20260212,dang_giao,4,3400000.0,13600000.0,banking
644,1279,1142,14,1,20260212,da_giao,1,180000.0,180000.0,momo
646,1280,1128,39,3,20260213,da_giao,1,2900000.0,2900000.0,banking
649,1281,1128,48,4,20260213,dang_chuan_bi,3,920000.0,2760000.0,banking
652,1283,1097,3,1,20260214,dang_chuan_bi,3,1890000.0,5670000.0,cod
655,1285,1143,70,6,20260214,da_giao,4,180000.0,720000.0,banking
659,1288,1141,6,1,20260215,da_giao,1,1100000.0,1100000.0,banking
663,1291,1147,54,4,20260215,da_giao,2,620000.0,1240000.0,momo
668,1295,1071,17,1,20260215,cho_xac_nhan,1,680000.0,680000.0,banking
674,1298,1094,12,1,20260215,da_giao,1,340000.0,340000.0,banking
676,1299,1147,7,1,20260215,da_giao,3,890000.0,2670000.0,banking
679,1300,1146,38,3,20260215,da_giao,4,2300000.0,9200000.0,banking
684,1301,1140,66,5,20260215,dang_giao,1,190000.0,190000.0,momo
691,1304,1145,8,1,20260216,dang_giao,4,750000.0,3000000.0,banking
694,1305,1142,14,1,20260216,da_giao,3,180000.0,540000.0,banking
696,1306,1136,11,1,20260216,da_giao,3,230000.0,690000.0,momo
699,1308,1138,43,4,20260217,da_giao,1,290000.0,290000.0,banking
702,1309,1137,12,1,20260217,da_giao,4,340000.0,1360000.0,cod
705,1311,1111,16,1,20260217,da_giao,1,210000.0,210000.0,momo
707,1312,1128,43,4,20260217,da_giao,1,290000.0,290000.0,banking
712,1313,1050,11,1,20260217,da_giao,2,230000.0,460000.0,cod
716,1314,1141,54,4,20260217,cho_xac_nhan,4,620000.0,2480000.0,banking
719,1315,1135,8,1,20260217,da_giao,4,750000.0,3000000.0,momo
722,1316,1140,54,4,20260217,cho_xac_nhan,2,620000.0,1240000.0,cod
728,1320,1138,5,1,20260217,da_huy,1,480000.0,480000.0,banking
731,1322,1135,66,5,20260218,da_giao,4,190000.0,760000.0,banking
736,1324,1134,15,1,20260218,cho_xac_nhan,4,320000.0,1280000.0,momo
738,1325,1144,10,1,20260218,da_giao,1,1450000.0,1450000.0,cod
740,1326,1145,5,1,20260219,da_giao,3,480000.0,1440000.0,cod
743,1327,1131,29,2,20260219,cho_xac_nhan,3,890000.0,2670000.0,momo
749,1329,1147,13,1,20260219,dang_giao,1,420000.0,420000.0,banking
752,1331,1044,1,1,20260220,dang_giao,1,1250000.0,1250000.0,banking
757,1332,1128,40,3,20260220,da_giao,2,2500000.0,5000000.0,cod
759,1333,1149,54,4,20260220,da_huy,4,620000.0,2480000.0,banking
765,1335,1148,27,2,20260220,dang_chuan_bi,3,620000.0,1860000.0,momo
767,1336,1135,53,4,20260220,da_giao,4,220000.0,880000.0,cod
769,1337,1060,14,1,20260220,dang_chuan_bi,2,180000.0,360000.0,cod
772,1338,1134,64,5,20260220,da_giao,2,850000.0,1700000.0,cod
774,1339,1146,4,1,20260221,da_giao,2,385000.0,770000.0,momo
782,1343,1149,14,1,20260221,cho_xac_nhan,2,180000.0,360000.0,cod
787,1345,1129,11,1,20260221,da_giao,3,230000.0,690000.0,banking
789,1346,1137,2,1,20260222,da_giao,2,2890000.0,5780000.0,momo
791,1347,1146,42,3,20260222,da_giao,4,2600000.0,10400000.0,cod
793,1348,1137,49,4,20260222,da_giao,3,180000.0,540000.0,banking
795,1349,1103,10,1,20260222,da_giao,2,1450000.0,2900000.0,banking
797,1350,1133,38,3,20260222,da_giao,2,2300000.0,4600000.0,momo
801,1353,1049,4,1,20260223,da_giao,1,385000.0,385000.0,cod
803,1354,1137,19,2,20260223,cho_xac_nhan,2,1350000.0,2700000.0,banking
805,1355,1119,5,1,20260223,da_giao,2,480000.0,960000.0,cod
808,1356,1131,63,5,20260223,da_giao,4,750000.0,3000000.0,cod
812,1359,1039,6,1,20260224,da_giao,4,1100000.0,4400000.0,banking
816,1361,1130,55,5,20260224,da_giao,4,620000.0,2480000.0,momo
822,1363,1148,56,5,20260224,da_giao,2,580000.0,1160000.0,cod
824,1364,1136,10,1,20260224,da_giao,1,1450000.0,1450000.0,cod
829,1365,1145,8,1,20260225,dang_giao,4,750000.0,3000000.0,cod
832,1367,1146,8,1,20260225,cho_xac_nhan,4,750000.0,3000000.0,cod
835,1369,1131,29,2,20260225,da_giao,1,890000.0,890000.0,momo
838,1371,1138,46,4,20260225,da_giao,1,680000.0,680000.0,momo
842,1372,1056,60,5,20260225,cho_xac_nhan,4,520000.0,2080000.0,cod
844,1373,1135,6,1,20260225,da_giao,1,1100000.0,1100000.0,banking
847,1374,1129,4,1,20260225,da_giao,2,385000.0,770000.0,cod
850,1376,1147,15,1,20260226,da_giao,2,320000.0,640000.0,cod
853,1378,1140,28,2,20260226,da_giao,2,720000.0,1440000.0,momo
858,1382,1138,26,2,20260227,dang_chuan_bi,3,850000.0,2550000.0,momo
861,1384,1137,58,5,20260227,da_giao,2,320000.0,640000.0,banking
863,1385,1145,1,1,20260228,dang_giao,4,1250000.0,5000000.0,cod
867,1388,1112,67,6,20260228,cho_xac_nhan,2,420000.0,840000.0,banking
872,1389,1149,38,3,20260301,dang_chuan_bi,3,2300000.0,6900000.0,banking
876,1390,1110,15,1,20260301,da_giao,4,320000.0,1280000.0,cod
880,1391,1142,10,1,20260301,cho_xac_nhan,2,1450000.0,2900000.0,banking
883,1393,1134,59,5,20260301,da_giao,4,890000.0,3560000.0,cod
887,1394,1149,30,2,20260301,da_giao,2,780000.0,1560000.0,cod
891,1395,1143,62,5,20260301,cho_xac_nhan,2,450000.0,900000.0,banking
893,1396,1036,13,1,20260302,da_giao,1,420000.0,420000.0,banking
898,1397,1134,62,5,20260302,da_giao,1,450000.0,450000.0,momo
902,1398,1143,8,1,20260302,dang_chuan_bi,2,750000.0,1500000.0,banking
905,1399,1137,66,5,20260302,dang_giao,3,190000.0,570000.0,banking
907,1400,1128,63,5,20260302,da_giao,4,750000.0,3000000.0,momo
914,1403,1108,63,5,20260303,da_huy,2,750000.0,1500000.0,banking
919,1404,1144,17,1,20260303,dang_giao,2,680000.0,1360000.0,banking
925,1406,1139,47,4,20260303,da_giao,4,320000.0,1280000.0,banking
928,1408,1115,41,3,20260303,cho_xac_nhan,2,3400000.0,6800000.0,cod
933,1409,1019,78,6,20260303,da_huy,1,950000.0,950000.0,momo
937,1411,1136,65,5,20260304,da_giao,3,280000.0,840000.0,momo
939,1412,1123,66,5,20260304,da_giao,3,190000.0,570000.0,cod
944,1413,1135,66,5,20260304,da_giao,2,190000.0,380000.0,cod
947,1415,1144,20,2,20260304,da_giao,2,890000.0,1780000.0,momo
949,1416,1146,29,2,20260304,dang_chuan_bi,1,890000.0,890000.0,banking
954,1417,1135,9,1,20260304,da_giao,2,1680000.0,3360000.0,banking
958,1418,1138,14,1,20260304,dang_chuan_bi,1,180000.0,180000.0,banking
962,1419,1102,23,2,20260305,da_giao,4,780000.0,3120000.0,cod
967,1422,1129,7,1,20260305,da_giao,3,890000.0,2670000.0,banking
976,1429,1106,5,1,20260306,da_giao,4,480000.0,1920000.0,banking
978,1430,1149,12,1,20260307,da_giao,3,340000.0,1020000.0,cod
982,1431,1037,25,2,20260307,da_giao,3,1100000.0,3300000.0,cod
986,1432,1132,2,1,20260307,da_giao,3,2890000.0,8670000.0,cod
988,1433,1086,10,1,20260307,da_giao,1,1450000.0,1450000.0,momo
990,1434,1131,31,3,20260307,cho_xac_nhan,1,4200000.0,4200000.0,momo
994,1437,1142,58,5,20260308,da_giao,2,320000.0,640000.0,momo
996,1438,1144,13,1,20260308,da_giao,2,420000.0,840000.0,cod
998,1439,1052,48,4,20260308,da_giao,4,920000.0,3680000.0,banking
1001,1441,1137,29,2,20260308,da_giao,3,890000.0,2670000.0,cod
1003,1442,1135,6,1,20260309,dang_chuan_bi,1,1100000.0,1100000.0,banking
1005,1443,1094,2,1,20260309,cho_xac_nhan,3,2890000.0,8670000.0,cod
1007,1444,1147,6,1,20260309,da_huy,1,1100000.0,1100000.0,cod
1011,1446,1148,9,1,20260309,da_giao,4,1680000.0,6720000.0,cod
1016,1448,1148,28,2,20260310,da_giao,4,720000.0,2880000.0,cod
1021,1449,1149,26,2,20260310,da_giao,4,850000.0,3400000.0,banking
1023,1450,1144,13,1,20260310,da_giao,4,420000.0,1680000.0,banking
1027,1451,1141,18,1,20260310,dang_chuan_bi,4,350000.0,1400000.0,momo
1029,1452,1129,15,1,20260310,da_giao,3,320000.0,960000.0,momo
1031,1453,1112,39,3,20260310,dang_giao,4,2900000.0,11600000.0,momo
1037,1455,1132,10,1,20260310,dang_giao,2,1450000.0,2900000.0,cod
1042,1459,1134,12,1,20260311,da_giao,1,340000.0,340000.0,cod
1047,1460,1134,15,1,20260311,cho_xac_nhan,3,320000.0,960000.0,momo
1049,1461,1133,25,2,20260311,da_giao,4,1100000.0,4400000.0,momo
1054,1462,1128,2,1,20260311,da_giao,3,2890000.0,8670000.0,cod
1059,1464,1128,72,6,20260312,da_giao,2,650000.0,1300000.0,banking
1061,1465,1131,41,3,20260312,da_huy,4,3400000.0,13600000.0,cod
1065,1466,1143,59,5,20260312,da_giao,3,890000.0,2670000.0,banking
1068,1468,1055,76,6,20260313,da_giao,1,280000.0,280000.0,momo
1070,1469,1131,60,5,20260313,da_giao,2,520000.0,1040000.0,banking
1075,1472,1133,32,3,20260314,da_giao,4,3200000.0,12800000.0,cod
1077,1473,1109,43,4,20260314,dang_chuan_bi,1,290000.0,290000.0,cod
1079,1474,1149,17,1,20260314,da_giao,4,680000.0,2720000.0,momo
1084,1475,1135,15,1,20260314,da_giao,1,320000.0,320000.0,cod
1089,1476,1115,14,1,20260314,da_giao,4,180000.0,720000.0,cod
1094,1477,1128,4,1,20260314,cho_xac_nhan,4,385000.0,1540000.0,banking
1097,1479,1028,2,1,20260314,da_giao,1,2890000.0,2890000.0,banking
1101,1480,1144,14,1,20260315,da_giao,1,180000.0,180000.0,cod
1103,1481,1061,3,1,20260315,da_giao,2,1890000.0,3780000.0,cod
1106,1483,1108,3,1,20260315,da_giao,1,1890000.0,1890000.0,banking
1108,1484,1091,10,1,20260315,da_giao,3,1450000.0,4350000.0,banking
1114,1487,1148,6,1,20260315,da_giao,3,1100000.0,3300000.0,banking
1119,1488,1143,5,1,20260316,da_giao,2,480000.0,960000.0,cod
1121,1489,1143,49,4,20260316,da_giao,2,180000.0,360000.0,banking
1123,1490,1149,38,3,20260316,dang_giao,3,2300000.0,6900000.0,banking
1125,1491,1143,10,1,20260316,da_giao,4,1450000.0,5800000.0,banking
1128,1493,1137,70,6,20260316,da_huy,1,180000.0,180000.0,cod
1132,1495,1149,39,3,20260317,da_giao,1,2900000.0,2900000.0,cod
1137,1496,1132,11,1,20260317,cho_xac_nhan,3,230000.0,690000.0,cod
1142,1498,1148,16,1,20260318,da_giao,2,210000.0,420000.0,cod
1145,1500,1148,38,3,20260318,da_giao,3,2300000.0,6900000.0,momo
1147,1501,1136,50,4,20260318,dang_chuan_bi,4,780000.0,3120000.0,momo
1153,1503,1143,14,1,20260318,da_huy,3,180000.0,540000.0,cod
1155,1504,1144,35,3,20260318,cho_xac_nhan,3,2800000.0,8400000.0,momo
1159,1506,1149,9,1,20260319,da_giao,2,1680000.0,3360000.0,cod
1162,1507,1138,62,5,20260319,cho_xac_nhan,3,450000.0,1350000.0,banking
1164,1508,1001,2,1,20260319,dang_giao,2,2890000.0,5780000.0,cod
1169,1510,1131,28,2,20260319,da_giao,4,720000.0,2880000.0,cod
1171,1511,1131,3,1,20260320,cho_xac_nhan,2,1890000.0,3780000.0,cod
1176,1512,1109,1,1,20260320,da_giao,4,1250000.0,5000000.0,cod
1178,1513,1139,14,1,20260320,cho_xac_nhan,4,180000.0,720000.0,cod
1182,1515,1130,13,1,20260320,da_huy,3,420000.0,1260000.0,banking
1185,1516,1132,29,2,20260321,cho_xac_nhan,3,890000.0,2670000.0,cod
1187,1517,1147,14,1,20260321,da_giao,4,180000.0,720000.0,cod
1190,1518,1146,27,2,20260321,dang_giao,4,620000.0,2480000.0,momo
1195,1520,1142,16,1,20260322,cho_xac_nhan,3,210000.0,630000.0,momo
1197,1521,1117,11,1,20260322,da_giao,1,230000.0,230000.0,cod
1202,1522,1145,6,1,20260322,da_giao,1,1100000.0,1100000.0,cod
1206,1524,1125,27,2,20260322,da_huy,2,620000.0,1240000.0,momo
1211,1525,1138,68,6,20260322,da_giao,3,520000.0,1560000.0,momo
1213,1526,1148,14,1,20260323,da_giao,1,180000.0,180000.0,banking
1216,1527,1128,5,1,20260323,cho_xac_nhan,2,480000.0,960000.0,banking
1218,1528,1130,39,3,20260323,da_giao,3,2900000.0,8700000.0,cod
1225,1531,1041,38,3,20260324,da_giao,2,2300000.0,4600000.0,cod
1227,1532,1144,8,1,20260324,da_giao,1,750000.0,750000.0,banking
1229,1533,1139,25,2,20260324,cho_xac_nhan,2,1100000.0,2200000.0,banking
1234,1534,1147,61,5,20260324,da_giao,4,780000.0,3120000.0,banking
1237,1536,1074,47,4,20260324,da_giao,2,320000.0,640000.0,banking
1244,1540,1128,24,2,20260325,cho_xac_nhan,2,950000.0,1900000.0,cod
1248,1541,1128,48,4,20260325,cho_xac_nhan,1,920000.0,920000.0,momo
1253,1544,1136,28,2,20260326,da_giao,1,720000.0,720000.0,momo
1257,1545,1130,3,1,20260326,da_giao,1,1890000.0,1890000.0,cod
1259,1546,1114,64,5,20260326,da_giao,3,850000.0,2550000.0,cod
1261,1547,1143,27,2,20260326,da_giao,3,620000.0,1860000.0,momo
1264,1549,1129,23,2,20260326,dang_chuan_bi,1,780000.0,780000.0,cod
1266,1550,1141,65,5,20260326,da_giao,1,280000.0,280000.0,cod
1270,1551,1101,10,1,20260326,cho_xac_nhan,1,1450000.0,1450000.0,banking
1274,1552,1129,7,1,20260326,da_giao,1,890000.0,890000.0,cod
1276,1553,1142,5,1,20260327,da_giao,4,480000.0,1920000.0,cod
1278,1554,1123,13,1,20260327,dang_giao,4,420000.0,1680000.0,momo
1282,1555,1148,46,4,20260327,da_giao,3,680000.0,2040000.0,momo
1284,1556,1141,30,2,20260327,da_giao,1,780000.0,780000.0,cod
1286,1557,1139,11,1,20260327,dang_chuan_bi,1,230000.0,230000.0,cod
1292,1559,1132,18,1,20260328,da_giao,1,350000.0,350000.0,cod
1297,1561,1128,10,1,20260329,da_huy,3,1450000.0,4350000.0,banking
1302,1562,1134,14,1,20260329,cho_xac_nhan,4,180000.0,720000.0,cod
1304,1563,1140,54,4,20260329,cho_xac_nhan,1,620000.0,620000.0,banking
1309,1565,1129,18,1,20260329,da_giao,2,350000.0,700000.0,momo
1313,1567,1145,11,1,20260329,da_giao,4,230000.0,920000.0,cod
1315,1568,1132,67,6,20260330,da_giao,2,420000.0,840000.0,cod
1320,1569,1014,1,1,20260330,dang_chuan_bi,2,1250000.0,2500000.0,cod
1322,1570,1005,14,1,20260330,da_giao,3,180000.0,540000.0,banking
1325,1572,1133,32,3,20260330,da_giao,2,3200000.0,6400000.0,cod
1327,1573,1145,40,3,20260331,cho_xac_nhan,1,2500000.0,2500000.0,momo
1332,1574,1148,13,1,20260331,dang_giao,1,420000.0,420000.0,momo
1335,1576,1142,7,1,20260331,da_giao,4,890000.0,3560000.0,momo
1337,1577,1147,64,5,20260331,da_giao,2,850000.0,1700000.0,cod
1340,1578,1137,62,5,20260331,da_giao,3,450000.0,1350000.0,momo
1343,1580,1136,18,1,20260331,da_huy,3,350000.0,1050000.0,cod
1345,1581,1134,74,6,20260401,da_giao,1,480000.0,480000.0,banking
1347,1582,1131,5,1,20260401,da_giao,2,480000.0,960000.0,momo
1349,1583,1146,40,3,20260401,da_giao,2,2500000.0,5000000.0,cod
1354,1584,1132,36,3,20260401,da_huy,4,2100000.0,8400000.0,cod
1363,1589,1135,8,1,20260402,da_giao,2,750000.0,1500000.0,cod
1365,1590,1131,24,2,20260402,dang_chuan_bi,1,950000.0,950000.0,banking
1370,1592,1135,33,3,20260403,dang_chuan_bi,3,2450000.0,7350000.0,banking
1374,1593,1139,36,3,20260403,da_giao,1,2100000.0,2100000.0,momo
1381,1597,1147,3,1,20260403,da_giao,2,1890000.0,3780000.0,banking
1386,1598,1147,14,1,20260403,da_huy,4,180000.0,720000.0,cod
1389,1599,1144,33,3,20260404,da_giao,4,2450000.0,9800000.0,momo
1391,1600,1141,5,1,20260404,da_giao,3,480000.0,1440000.0,banking
1394,1601,1133,46,4,20260404,dang_chuan_bi,3,680000.0,2040000.0,momo
1398,1602,1143,27,2,20260405,dang_chuan_bi,3,620000.0,1860000.0,banking
1400,1603,1144,7,1,20260405,da_giao,3,890000.0,2670000.0,cod
1403,1604,1137,68,6,20260405,da_huy,2,520000.0,1040000.0,momo
1405,1605,1149,36,3,20260405,cho_xac_nhan,4,2100000.0,8400000.0,cod
1408,1607,1010,47,4,20260405,dang_chuan_bi,1,320000.0,320000.0,banking
1410,1608,1146,65,5,20260406,da_giao,1,280000.0,280000.0,cod
1413,1610,1147,4,1,20260406,da_giao,2,385000.0,770000.0,momo
1417,1613,1141,4,1,20260406,da_giao,2,385000.0,770000.0,cod
1419,1614,1137,24,2,20260406,dang_chuan_bi,2,950000.0,1900000.0,cod
1428,1619,1137,16,1,20260407,cho_xac_nhan,4,210000.0,840000.0,cod
1430,1620,1137,9,1,20260407,da_giao,3,1680000.0,5040000.0,momo
1433,1622,1087,10,1,20260407,dang_giao,2,1450000.0,2900000.0,banking
1441,1626,1131,38,3,20260408,da_giao,1,2300000.0,2300000.0,momo
1444,1627,1143,44,4,20260408,da_giao,2,520000.0,1040000.0,cod
1446,1628,1131,27,2,20260408,da_giao,2,620000.0,1240000.0,momo
1450,1631,1137,31,3,20260409,dang_chuan_bi,2,4200000.0,8400000.0,cod
1452,1632,1145,54,4,20260409,da_giao,3,620000.0,1860000.0,banking
1458,1636,1146,26,2,20260410,cho_xac_nhan,3,850000.0,2550000.0,banking
1463,1637,1129,15,1,20260410,da_giao,2,320000.0,640000.0,cod
1465,1638,1140,2,1,20260410,da_huy,1,2890000.0,2890000.0,cod
1467,1639,1142,37,3,20260410,da_giao,4,3100000.0,12400000.0,cod
1469,1640,1042,5,1,20260410,da_giao,4,480000.0,1920000.0,cod
1473,1643,1131,42,3,20260411,da_giao,2,2600000.0,5200000.0,cod
1478,1644,1132,25,2,20260411,da_giao,4,1100000.0,4400000.0,banking
1480,1645,1130,29,2,20260412,da_giao,4,890000.0,3560000.0,cod
1486,1647,1148,55,5,20260412,da_giao,2,620000.0,1240000.0,momo
1488,1648,1134,7,1,20260412,da_giao,1,890000.0,890000.0,momo
1490,1649,1147,54,4,20260412,cho_xac_nhan,4,620000.0,2480000.0,banking
1495,1650,1063,60,5,20260412,da_giao,4,520000.0,2080000.0,cod
1502,1654,1139,3,1,20260413,da_giao,3,1890000.0,5670000.0,banking
1507,1655,1136,2,1,20260413,da_giao,3,2890000.0,8670000.0,banking
1512,1659,1142,29,2,20260413,da_giao,4,890000.0,3560000.0,cod
1514,1660,1137,2,1,20260413,da_giao,2,2890000.0,5780000.0,cod
1517,1662,1133,41,3,20260413,dang_giao,2,3400000.0,6800000.0,cod
1519,1663,1147,57,5,20260414,da_giao,3,320000.0,960000.0,cod
1524,1665,1085,15,1,20260414,da_giao,3,320000.0,960000.0,cod
1526,1666,1136,14,1,20260415,da_giao,4,180000.0,720000.0,cod
1528,1667,1144,14,1,20260415,da_giao,3,180000.0,540000.0,banking
1532,1670,1129,57,5,20260416,cho_xac_nhan,2,320000.0,640000.0,cod
1534,1671,1141,62,5,20260416,da_giao,1,450000.0,450000.0,banking
1536,1672,1144,44,4,20260416,da_giao,2,520000.0,1040000.0,momo
1538,1673,1138,9,1,20260416,dang_giao,2,1680000.0,3360000.0,banking
1545,1676,1128,38,3,20260416,da_giao,1,2300000.0,2300000.0,banking
1547,1677,1139,3,1,20260416,da_huy,1,1890000.0,1890000.0,cod
1549,1678,1136,36,3,20260416,cho_xac_nhan,3,2100000.0,6300000.0,cod
1551,1679,1143,1,1,20260417,da_giao,3,1250000.0,3750000.0,momo
1553,1680,1030,54,4,20260417,dang_giao,4,620000.0,2480000.0,cod
1555,1681,1145,68,6,20260417,dang_giao,3,520000.0,1560000.0,banking
1560,1682,1135,35,3,20260417,da_giao,2,2800000.0,5600000.0,banking
1564,1683,1146,7,1,20260417,da_giao,4,890000.0,3560000.0,banking
1567,1684,1135,23,2,20260417,cho_xac_nhan,1,780000.0,780000.0,banking
1569,1685,1146,56,5,20260418,dang_giao,4,580000.0,2320000.0,banking
1571,1686,1149,28,2,20260418,da_giao,3,720000.0,2160000.0,cod
1574,1688,1142,10,1,20260418,da_giao,4,1450000.0,5800000.0,banking
1580,1693,1129,67,6,20260419,cho_xac_nhan,4,420000.0,1680000.0,banking
1584,1694,1145,3,1,20260419,da_giao,1,1890000.0,1890000.0,banking
1589,1695,1141,6,1,20260419,da_giao,1,1100000.0,1100000.0,cod
1592,1697,1083,20,2,20260419,da_huy,3,890000.0,2670000.0,cod
1595,1699,1143,6,1,20260419,cho_xac_nhan,1,1100000.0,1100000.0,cod
1597,1700,1143,4,1,20260420,dang_giao,4,385000.0,1540000.0,cod
1599,1701,1130,14,1,20260420,da_giao,4,180000.0,720000.0,cod
1604,1703,1133,48,4,20260420,dang_chuan_bi,3,920000.0,2760000.0,banking
1611,1709,1129,21,2,20260420,da_giao,4,780000.0,3120000.0,momo
1613,1710,1138,41,3,20260421,da_giao,1,3400000.0,3400000.0,momo
1616,1712,1144,44,4,20260421,dang_chuan_bi,4,520000.0,2080000.0,momo
1620,1715,1089,31,3,20260421,da_giao,1,4200000.0,4200000.0,momo
1625,1716,1134,10,1,20260421,da_giao,2,1450000.0,2900000.0,cod
1627,1717,1077,1,1,20260421,da_giao,2,1250000.0,2500000.0,momo
1629,1718,1145,1,1,20260421,cho_xac_nhan,4,1250000.0,5000000.0,banking
1631,1719,1134,35,3,20260421,da_giao,4,2800000.0,11200000.0,cod
1633,1720,1146,41,3,20260421,da_giao,1,3400000.0,3400000.0,cod
1635,1721,1129,11,1,20260421,da_giao,2,230000.0,460000.0,cod
1637,1722,1140,8,1,20260422,da_giao,3,750000.0,2250000.0,banking
1640,1723,1137,3,1,20260422,da_giao,2,1890000.0,3780000.0,cod
1644,1726,1129,14,1,20260422,dang_chuan_bi,3,180000.0,540000.0,cod
1648,1727,1079,13,1,20260422,cho_xac_nhan,4,420000.0,1680000.0,cod
1652,1728,1136,44,4,20260423,dang_giao,4,520000.0,2080000.0,cod
1657,1732,1139,5,1,20260423,da_giao,3,480000.0,1440000.0,cod
1659,1733,1104,62,5,20260423,da_giao,3,450000.0,1350000.0,momo
1661,1734,1137,18,1,20260423,dang_giao,2,350000.0,700000.0,banking
1663,1735,1130,53,4,20260423,da_giao,2,220000.0,440000.0,cod
1665,1736,1146,62,5,20260423,da_giao,2,450000.0,900000.0,cod
1667,1737,1149,57,5,20260424,cho_xac_nhan,2,320000.0,640000.0,banking
1672,1738,1130,63,5,20260424,da_giao,4,750000.0,3000000.0,banking
1674,1739,1146,47,4,20260424,da_giao,3,320000.0,960000.0,banking
1676,1740,1129,35,3,20260425,da_giao,4,2800000.0,11200000.0,banking
1679,1742,1147,60,5,20260425,da_giao,3,520000.0,1560000.0,banking
1682,1744,1130,3,1,20260425,da_giao,4,1890000.0,7560000.0,banking
1686,1745,1129,10,1,20260425,da_giao,4,1450000.0,5800000.0,cod
1688,1746,1105,16,1,20260426,dang_giao,3,210000.0,630000.0,cod
1693,1748,1104,3,1,20260426,da_giao,1,1890000.0,1890000.0,cod
1695,1749,1130,26,2,20260426,da_giao,3,850000.0,2550000.0,cod
1700,1752,1142,50,4,20260426,da_huy,1,780000.0,780000.0,cod
1702,1753,1139,6,1,20260426,da_giao,1,1100000.0,1100000.0,banking
1704,1754,1015,38,3,20260426,da_giao,4,2300000.0,9200000.0,momo
1706,1755,1149,11,1,20260427,da_huy,1,230000.0,230000.0,banking
1709,1756,1095,66,5,20260427,da_giao,4,190000.0,760000.0,cod
1712,1758,1140,12,1,20260427,da_giao,4,340000.0,1360000.0,banking
1714,1759,1139,26,2,20260427,da_giao,4,850000.0,3400000.0,cod
1716,1760,1129,3,1,20260427,da_giao,3,1890000.0,5670000.0,banking
1718,1761,1118,73,6,20260427,da_giao,3,890000.0,2670000.0,cod
1721,1763,1148,34,3,20260428,da_giao,2,2800000.0,5600000.0,cod
1724,1765,1132,17,1,20260428,da_giao,4,680000.0,2720000.0,momo
1728,1767,1133,9,1,20260429,da_giao,3,1680000.0,5040000.0,banking
1730,1768,1148,37,3,20260429,da_giao,4,3100000.0,12400000.0,cod
1733,1770,1135,68,6,20260429,da_giao,4,520000.0,2080000.0,cod
1735,1771,1128,11,1,20260429,da_giao,1,230000.0,230000.0,cod
1742,1774,1136,19,2,20260429,cho_xac_nhan,1,1350000.0,1350000.0,momo
1745,1776,1007,23,2,20260501,da_giao,2,780000.0,1560000.0,cod
1747,1777,1137,3,1,20260501,da_giao,2,1890000.0,3780000.0,cod
1750,1778,1135,41,3,20260501,da_huy,3,3400000.0,10200000.0,momo
1752,1779,1135,58,5,20260501,da_giao,1,320000.0,320000.0,cod
1760,1784,1136,64,5,20260502,da_giao,3,850000.0,2550000.0,cod
1764,1785,1139,14,1,20260502,da_giao,1,180000.0,180000.0,cod
1766,1786,1138,16,1,20260503,da_giao,4,210000.0,840000.0,banking
1768,1787,1138,3,1,20260503,cho_xac_nhan,3,1890000.0,5670000.0,banking
1771,1789,1145,1,1,20260503,dang_giao,2,1250000.0,2500000.0,cod
1776,1790,1103,68,6,20260503,da_giao,4,520000.0,2080000.0,cod
1781,1792,1143,8,1,20260503,dang_chuan_bi,2,750000.0,1500000.0,banking
1790,1797,1131,16,1,20260504,da_giao,2,210000.0,420000.0,cod
1795,1798,1134,13,1,20260504,da_giao,3,420000.0,1260000.0,banking
1797,1799,1051,3,1,20260504,cho_xac_nhan,3,1890000.0,5670000.0,momo
1802,1801,1092,31,3,20260504,da_giao,3,4200000.0,12600000.0,momo
1805,1802,1144,40,3,20260504,da_giao,1,2500000.0,2500000.0,cod
1807,1803,1132,17,1,20260504,da_giao,3,680000.0,2040000.0,cod
1811,1804,1136,7,1,20260504,da_giao,4,890000.0,3560000.0,cod
1818,1807,1054,48,4,20260505,da_giao,3,920000.0,2760000.0,cod
1820,1808,1143,13,1,20260505,da_huy,4,420000.0,1680000.0,momo
1822,1809,1148,47,4,20260506,dang_giao,2,320000.0,640000.0,cod
1828,1811,1113,21,2,20260506,cho_xac_nhan,1,780000.0,780000.0,momo
1830,1812,1133,24,2,20260506,da_giao,2,950000.0,1900000.0,cod
1832,1813,1132,2,1,20260506,da_giao,1,2890000.0,2890000.0,momo
1835,1814,1143,18,1,20260506,da_giao,3,350000.0,1050000.0,banking
1839,1816,1137,44,4,20260507,da_giao,3,520000.0,1560000.0,cod
1843,1817,1128,66,5,20260507,da_giao,1,190000.0,190000.0,banking
1845,1818,1142,71,6,20260507,da_huy,2,185000.0,370000.0,cod
1847,1819,1116,23,2,20260507,da_giao,1,780000.0,780000.0,cod
1851,1820,1133,4,1,20260507,dang_giao,4,385000.0,1540000.0,cod
1853,1821,1140,26,2,20260507,da_giao,1,850000.0,850000.0,banking
1858,1823,1133,61,5,20260507,dang_giao,4,780000.0,3120000.0,banking
1860,1824,1135,12,1,20260507,da_giao,3,340000.0,1020000.0,banking
1863,1826,1128,66,5,20260507,cho_xac_nhan,3,190000.0,570000.0,cod
1865,1827,1144,13,1,20260507,da_giao,4,420000.0,1680000.0,cod
1871,1829,1144,43,4,20260508,dang_giao,1,290000.0,290000.0,cod
1874,1830,1134,27,2,20260508,da_huy,1,620000.0,620000.0,cod
1877,1832,1142,37,3,20260509,da_giao,2,3100000.0,6200000.0,momo
1882,1834,1146,5,1,20260510,dang_chuan_bi,3,480000.0,1440000.0,momo
1885,1835,1147,6,1,20260510,da_giao,1,1100000.0,1100000.0,cod
1888,1837,1129,18,1,20260510,da_giao,2,350000.0,700000.0,cod
1890,1838,1070,14,1,20260510,da_giao,3,180000.0,540000.0,cod
1892,1839,1130,1,1,20260510,da_giao,1,1250000.0,1250000.0,cod
1896,1841,1066,5,1,20260510,da_giao,4,480000.0,1920000.0,momo
1899,1842,1137,11,1,20260511,da_huy,3,230000.0,690000.0,banking
1901,1843,1130,37,3,20260511,da_giao,1,3100000.0,3100000.0,momo
1907,1845,1128,13,1,20260511,da_giao,2,420000.0,840000.0,banking
1909,1846,1129,11,1,20260511,da_giao,2,230000.0,460000.0,banking
1912,1848,1134,1,1,20260512,da_giao,2,1250000.0,2500000.0,banking
1914,1849,1149,40,3,20260512,da_giao,1,2500000.0,2500000.0,momo
1919,1850,1148,4,1,20260512,da_giao,4,385000.0,1540000.0,momo
1922,1852,1133,1,1,20260512,dang_chuan_bi,3,1250000.0,3750000.0,cod
1926,1853,1140,11,1,20260512,dang_chuan_bi,1,230000.0,230000.0,cod
1931,1854,1142,16,1,20260512,da_giao,1,210000.0,210000.0,momo
1935,1856,1142,9,1,20260513,da_giao,2,1680000.0,3360000.0,cod
1937,1857,1081,10,1,20260513,da_giao,2,1450000.0,2900000.0,momo
1941,1859,1133,34,3,20260513,cho_xac_nhan,3,2800000.0,8400000.0,banking
1943,1860,1137,22,2,20260514,da_huy,1,620000.0,620000.0,banking
1948,1861,1126,23,2,20260514,cho_xac_nhan,3,780000.0,2340000.0,banking
1952,1863,1149,1,1,20260514,dang_giao,4,1250000.0,5000000.0,cod
1956,1865,1142,19,2,20260515,da_giao,1,1350000.0,1350000.0,cod
1960,1866,1125,19,2,20260515,dang_giao,2,1350000.0,2700000.0,cod
1963,1867,1147,51,4,20260515,da_giao,1,650000.0,650000.0,cod
1966,1868,1135,34,3,20260515,da_giao,2,2800000.0,5600000.0,momo
1968,1869,1140,27,2,20260515,da_giao,4,620000.0,2480000.0,cod
1971,1871,1134,41,3,20260515,dang_chuan_bi,3,3400000.0,10200000.0,banking
1978,1875,1141,14,1,20260516,da_giao,3,180000.0,540000.0,cod
1980,1876,1148,57,5,20260516,dang_giao,1,320000.0,320000.0,cod
1982,1877,1132,56,5,20260516,dang_chuan_bi,2,580000.0,1160000.0,cod
1987,1878,1143,4,1,20260516,dang_giao,4,385000.0,1540000.0,banking
1991,1880,1145,28,2,20260516,dang_chuan_bi,3,720000.0,2160000.0,cod
1995,1881,1137,2,1,20260516,cho_xac_nhan,3,2890000.0,8670000.0,cod
2001,1883,1148,32,3,20260516,da_giao,2,3200000.0,6400000.0,banking
2004,1884,1149,15,1,20260516,cho_xac_nhan,3,320000.0,960000.0,cod
2009,1885,1128,7,1,20260517,da_giao,1,890000.0,890000.0,cod
2011,1886,1137,47,4,20260517,da_giao,4,320000.0,1280000.0,cod
2013,1887,1080,19,2,20260517,da_giao,2,1350000.0,2700000.0,banking
2018,1888,1131,67,6,20260518,da_giao,4,420000.0,1680000.0,momo
2020,1889,1139,72,6,20260518,dang_chuan_bi,1,650000.0,650000.0,banking
2023,1891,1034,14,1,20260518,cho_xac_nhan,2,180000.0,360000.0,banking
2025,1892,1133,15,1,20260518,da_giao,1,320000.0,320000.0,cod
2027,1893,1133,32,3,20260518,dang_chuan_bi,4,3200000.0,12800000.0,banking
2033,1895,1140,56,5,20260518,da_giao,4,580000.0,2320000.0,cod
2038,1897,1141,68,6,20260519,da_giao,2,520000.0,1040000.0,cod
2040,1898,1040,13,1,20260519,da_giao,4,420000.0,1680000.0,cod
2043,1900,1148,18,1,20260519,da_giao,2,350000.0,700000.0,cod
2045,1901,1068,3,1,20260519,cho_xac_nhan,3,1890000.0,5670000.0,cod
2048,1902,1133,9,1,20260519,da_giao,4,1680000.0,6720000.0,cod
2051,1903,1122,18,1,20260519,dang_giao,1,350000.0,350000.0,cod
2053,1904,1139,26,2,20260519,da_giao,3,850000.0,2550000.0,banking
2055,1905,1131,18,1,20260520,da_giao,4,350000.0,1400000.0,banking
2058,1906,1140,11,1,20260520,da_giao,1,230000.0,230000.0,cod
2064,1908,1132,11,1,20260520,da_giao,2,230000.0,460000.0,cod
2066,1909,1147,54,4,20260520,cho_xac_nhan,3,620000.0,1860000.0,cod
2072,1913,1146,5,1,20260520,da_giao,4,480000.0,1920000.0,banking
2075,1915,1134,76,6,20260521,da_giao,4,280000.0,1120000.0,momo
2077,1916,1133,4,1,20260521,da_giao,4,385000.0,1540000.0,banking
2079,1917,1129,14,1,20260521,da_giao,1,180000.0,180000.0,cod
2083,1919,1131,1,1,20260522,dang_giao,1,1250000.0,1250000.0,momo
2086,1920,1131,48,4,20260522,da_giao,3,920000.0,2760000.0,cod
2090,1921,1073,15,1,20260522,da_giao,1,320000.0,320000.0,banking
2092,1922,1137,12,1,20260522,dang_chuan_bi,2,340000.0,680000.0,cod
2095,1923,1062,1,1,20260522,da_giao,1,1250000.0,1250000.0,banking
2097,1924,1141,78,6,20260522,dang_chuan_bi,2,950000.0,1900000.0,momo
2102,1925,1147,68,6,20260522,da_giao,1,520000.0,520000.0,banking
2104,1926,1143,2,1,20260523,da_giao,1,2890000.0,2890000.0,cod
2106,1927,1146,67,6,20260523,da_giao,3,420000.0,1260000.0,cod
2108,1928,1148,58,5,20260523,cho_xac_nhan,2,320000.0,640000.0,cod
2110,1929,1139,55,5,20260523,da_giao,3,620000.0,1860000.0,cod
2114,1932,1093,35,3,20260524,da_giao,1,2800000.0,2800000.0,cod
2116,1933,1048,68,6,20260524,cho_xac_nhan,1,520000.0,520000.0,cod
2121,1934,1136,67,6,20260524,da_giao,3,420000.0,1260000.0,cod
2126,1935,1135,32,3,20260524,cho_xac_nhan,2,3200000.0,6400000.0,cod
2128,1936,1069,31,3,20260525,da_giao,1,4200000.0,4200000.0,cod
2131,1938,1147,14,1,20260525,da_giao,2,180000.0,360000.0,cod
2133,1939,1139,49,4,20260525,da_giao,2,180000.0,360000.0,banking
2136,1941,1145,50,4,20260526,da_giao,1,780000.0,780000.0,momo
2138,1942,1149,6,1,20260526,cho_xac_nhan,2,1100000.0,2200000.0,banking
2140,1943,1132,8,1,20260526,da_giao,2,750000.0,1500000.0,momo
2142,1944,1016,60,5,20260526,da_giao,3,520000.0,1560000.0,cod
2144,1945,1148,58,5,20260526,da_giao,4,320000.0,1280000.0,cod
2147,1947,1132,2,1,20260526,cho_xac_nhan,1,2890000.0,2890000.0,cod
2149,1948,1135,15,1,20260527,da_giao,2,320000.0,640000.0,banking
2151,1949,1130,3,1,20260527,da_giao,3,1890000.0,5670000.0,banking
2154,1950,1141,15,1,20260527,dang_chuan_bi,1,320000.0,320000.0,momo
2159,1952,1101,20,2,20260527,da_giao,2,890000.0,1780000.0,cod
2166,1955,1146,37,3,20260527,cho_xac_nhan,4,3100000.0,12400000.0,cod
2170,1957,1137,13,1,20260528,cho_xac_nhan,4,420000.0,1680000.0,cod
2172,1958,1129,2,1,20260528,da_giao,1,2890000.0,2890000.0,banking
2177,1961,1098,46,4,20260529,da_giao,2,680000.0,1360000.0,cod
2180,1962,1149,6,1,20260529,da_giao,1,1100000.0,1100000.0,momo
2182,1963,1134,74,6,20260529,da_giao,1,480000.0,480000.0,cod
2186,1964,1147,39,3,20260529,da_giao,2,2900000.0,5800000.0,momo
2190,1965,1132,64,5,20260529,cho_xac_nhan,4,850000.0,3400000.0,banking
2198,1972,1147,17,1,20260530,da_giao,3,680000.0,2040000.0,cod
2200,1973,1146,8,1,20260530,da_giao,2,750000.0,1500000.0,cod
2203,1975,1144,37,3,20260531,da_giao,1,3100000.0,3100000.0,cod
2206,1976,1084,37,3,20260531,da_giao,3,3100000.0,9300000.0,banking
2208,1977,1143,13,1,20260531,da_huy,2,420000.0,840000.0,banking
2211,1978,1130,4,1,20260531,dang_giao,2,385000.0,770000.0,cod
2216,1981,1137,13,1,20260531,da_giao,3,420000.0,1260000.0,banking
2219,1982,1136,12,1,20260531,da_giao,1,340000.0,340000.0,cod
2222,1984,1053,20,2,20260601,da_giao,2,890000.0,1780000.0,cod
2227,1985,1136,4,1,20260601,da_giao,4,385000.0,1540000.0,momo
2232,1988,1149,31,3,20260601,da_giao,2,4200000.0,8400000.0,cod
2234,1989,1130,17,1,20260601,da_giao,1,680000.0,680000.0,banking
2238,1990,1090,45,4,20260601,da_giao,1,480000.0,480000.0,cod
2243,1991,1145,35,3,20260601,dang_chuan_bi,4,2800000.0,11200000.0,cod
2246,1993,1143,13,1,20260602,da_giao,4,420000.0,1680000.0,cod
2251,1995,1131,10,1,20260602,dang_giao,1,1450000.0,1450000.0,cod
2256,1996,1128,22,2,20260602,cho_xac_nhan,2,620000.0,1240000.0,cod
2259,1998,1144,73,6,20260602,dang_giao,2,890000.0,1780000.0,momo
2261,1999,1148,44,4,20260602,dang_giao,3,520000.0,1560000.0,cod
14,1009,1129,3,1,20260103,dang_giao,3,1890000.0,5670000.0,momo
17,1010,1145,19,2,20260103,da_giao,2,1350000.0,2700000.0,momo
24,1013,1146,10,1,20260104,da_giao,4,1450000.0,5800000.0,cod
32,1018,1144,65,5,20260105,dang_chuan_bi,3,280000.0,840000.0,cod
42,1023,1145,48,4,20260105,dang_giao,1,920000.0,920000.0,cod
49,1025,1134,42,3,20260105,dang_giao,1,2600000.0,2600000.0,cod
52,1026,1146,55,5,20260105,da_giao,4,620000.0,2480000.0,momo
59,1028,1148,4,1,20260105,da_giao,1,385000.0,385000.0,cod
67,1031,1138,9,1,20260106,da_giao,1,1680000.0,1680000.0,banking
73,1034,1136,11,1,20260106,cho_xac_nhan,2,230000.0,460000.0,cod
80,1039,1146,60,5,20260107,da_giao,3,520000.0,1560000.0,cod
86,1042,1128,5,1,20260108,dang_giao,1,480000.0,480000.0,cod
90,1043,1146,6,1,20260108,dang_giao,3,1100000.0,3300000.0,banking
99,1047,1134,13,1,20260109,da_giao,3,420000.0,1260000.0,cod
106,1050,1142,63,5,20260109,da_giao,2,750000.0,1500000.0,banking
109,1051,1026,56,5,20260109,da_giao,2,580000.0,1160000.0,banking
127,1059,1029,8,1,20260110,cho_xac_nhan,3,750000.0,2250000.0,cod
149,1071,1043,54,4,20260113,dang_giao,1,620000.0,620000.0,momo
160,1078,1135,45,4,20260114,da_giao,3,480000.0,1440000.0,momo
164,1079,1137,17,1,20260114,da_giao,3,680000.0,2040000.0,cod
168,1080,1133,63,5,20260114,da_giao,1,750000.0,750000.0,cod
173,1082,1138,42,3,20260114,da_giao,4,2600000.0,10400000.0,cod
178,1083,1129,14,1,20260115,da_giao,1,180000.0,180000.0,momo
185,1085,1140,38,3,20260115,da_giao,2,2300000.0,4600000.0,cod
189,1086,1140,7,1,20260115,da_giao,4,890000.0,3560000.0,cod
204,1094,1135,30,2,20260116,dang_chuan_bi,4,780000.0,3120000.0,banking
209,1096,1130,28,2,20260116,da_giao,1,720000.0,720000.0,cod
214,1098,1006,28,2,20260117,da_giao,4,720000.0,2880000.0,momo
219,1100,1148,9,1,20260117,da_giao,2,1680000.0,3360000.0,cod
229,1104,1140,7,1,20260117,da_giao,4,890000.0,3560000.0,cod
232,1105,1148,9,1,20260117,da_giao,1,1680000.0,1680000.0,cod
241,1108,1141,4,1,20260118,dang_chuan_bi,1,385000.0,385000.0,cod
244,1109,1139,1,1,20260118,da_giao,1,1250000.0,1250000.0,cod
250,1111,1133,43,4,20260119,da_huy,1,290000.0,290000.0,cod
257,1114,1130,12,1,20260119,da_giao,4,340000.0,1360000.0,cod
262,1117,1133,35,3,20260119,da_giao,3,2800000.0,8400000.0,cod
274,1122,1142,65,5,20260120,cho_xac_nhan,3,280000.0,840000.0,cod
278,1124,1148,34,3,20260121,da_giao,1,2800000.0,2800000.0,cod
283,1125,1148,23,2,20260121,da_giao,4,780000.0,3120000.0,banking
288,1126,1137,18,1,20260121,da_giao,4,350000.0,1400000.0,cod
298,1130,1140,65,5,20260122,da_giao,3,280000.0,840000.0,cod
313,1137,1131,17,1,20260123,dang_chuan_bi,4,680000.0,2720000.0,momo
317,1138,1146,50,4,20260123,da_giao,2,780000.0,1560000.0,momo
327,1143,1137,5,1,20260124,da_giao,2,480000.0,960000.0,banking
337,1147,1145,4,1,20260124,da_giao,2,385000.0,770000.0,momo
355,1160,1149,42,3,20260126,dang_chuan_bi,2,2600000.0,5200000.0,banking
360,1161,1057,26,2,20260126,da_giao,3,850000.0,2550000.0,cod
367,1164,1143,61,5,20260127,cho_xac_nhan,1,780000.0,780000.0,banking
377,1169,1147,15,1,20260128,dang_giao,3,320000.0,960000.0,cod
386,1173,1146,42,3,20260129,da_giao,4,2600000.0,10400000.0,cod
394,1177,1149,6,1,20260129,cho_xac_nhan,1,1100000.0,1100000.0,momo
399,1178,1136,30,2,20260129,da_giao,1,780000.0,780000.0,banking
405,1181,1119,12,1,20260130,da_giao,4,340000.0,1360000.0,banking
414,1184,1134,11,1,20260130,da_giao,4,230000.0,920000.0,cod
422,1187,1131,15,1,20260130,da_giao,2,320000.0,640000.0,momo
428,1189,1148,4,1,20260131,cho_xac_nhan,4,385000.0,1540000.0,banking
433,1191,1138,1,1,20260131,da_giao,1,1250000.0,1250000.0,momo
436,1192,1103,38,3,20260131,da_giao,2,2300000.0,4600000.0,momo
443,1195,1116,50,4,20260131,da_giao,2,780000.0,1560000.0,banking
450,1197,1136,31,3,20260201,cho_xac_nhan,2,4200000.0,8400000.0,cod
455,1198,1148,2,1,20260201,da_giao,3,2890000.0,8670000.0,cod
462,1201,1135,9,1,20260202,da_giao,1,1680000.0,1680000.0,cod
469,1204,1140,28,2,20260202,dang_chuan_bi,4,720000.0,2880000.0,momo
473,1206,1138,41,3,20260202,da_giao,2,3400000.0,6800000.0,cod
478,1207,1120,33,3,20260202,dang_giao,2,2450000.0,4900000.0,momo
483,1209,1148,33,3,20260202,cho_xac_nhan,3,2450000.0,7350000.0,banking
488,1210,1131,30,2,20260203,da_giao,1,780000.0,780000.0,cod
504,1219,1134,2,1,20260204,da_giao,2,2890000.0,5780000.0,banking
507,1220,1143,48,4,20260204,dang_giao,1,920000.0,920000.0,cod
522,1227,1130,4,1,20260205,dang_giao,2,385000.0,770000.0,cod
534,1232,1138,35,3,20260206,da_giao,2,2800000.0,5600000.0,cod
539,1233,1143,14,1,20260206,dang_giao,4,180000.0,720000.0,banking
546,1235,1147,47,4,20260206,da_giao,4,320000.0,1280000.0,cod
555,1239,1143,74,6,20260207,da_giao,2,480000.0,960000.0,banking
577,1251,1129,13,1,20260208,da_giao,3,420000.0,1260000.0,cod
589,1256,1131,66,5,20260209,da_giao,1,190000.0,190000.0,momo
592,1257,1131,25,2,20260210,dang_chuan_bi,1,1100000.0,1100000.0,cod
598,1260,1135,54,4,20260210,da_giao,2,620000.0,1240000.0,cod
603,1261,1142,43,4,20260210,da_giao,4,290000.0,1160000.0,cod
610,1263,1139,16,1,20260210,da_giao,2,210000.0,420000.0,banking
615,1265,1136,78,6,20260211,da_giao,3,950000.0,2850000.0,momo
620,1267,1137,37,3,20260211,da_huy,2,3100000.0,6200000.0,momo
638,1277,1023,57,5,20260212,da_giao,2,320000.0,640000.0,banking
641,1278,1133,48,4,20260212,dang_giao,2,920000.0,1840000.0,banking
648,1281,1128,44,4,20260213,dang_chuan_bi,1,520000.0,520000.0,banking
673,1298,1094,62,5,20260215,da_giao,4,450000.0,1800000.0,banking
678,1300,1146,1,1,20260215,da_giao,2,1250000.0,2500000.0,banking
683,1301,1140,1,1,20260215,dang_giao,1,1250000.0,1250000.0,momo
690,1304,1145,7,1,20260216,dang_giao,3,890000.0,2670000.0,banking
693,1305,1142,20,2,20260216,da_giao,4,890000.0,3560000.0,banking
701,1309,1137,54,4,20260217,da_giao,2,620000.0,1240000.0,cod
711,1313,1050,38,3,20260217,da_giao,3,2300000.0,6900000.0,cod
715,1314,1141,65,5,20260217,cho_xac_nhan,1,280000.0,280000.0,banking
718,1315,1135,61,5,20260217,da_giao,2,780000.0,1560000.0,momo
721,1316,1140,68,6,20260217,cho_xac_nhan,3,520000.0,1560000.0,cod
727,1320,1138,45,4,20260217,da_huy,4,480000.0,1920000.0,banking
735,1324,1134,70,6,20260218,cho_xac_nhan,2,180000.0,360000.0,momo
742,1327,1131,42,3,20260219,cho_xac_nhan,2,2600000.0,5200000.0,momo
748,1329,1147,5,1,20260219,dang_giao,2,480000.0,960000.0,banking
756,1332,1128,24,2,20260220,da_giao,2,950000.0,1900000.0,cod
764,1335,1148,12,1,20260220,dang_chuan_bi,1,340000.0,340000.0,momo
771,1338,1134,45,4,20260220,da_giao,4,480000.0,1920000.0,cod
781,1343,1149,41,3,20260221,cho_xac_nhan,2,3400000.0,6800000.0,cod
786,1345,1129,36,3,20260221,da_giao,2,2100000.0,4200000.0,banking
807,1356,1131,19,2,20260223,da_giao,4,1350000.0,5400000.0,cod
815,1361,1130,65,5,20260224,da_giao,1,280000.0,280000.0,momo
821,1363,1148,66,5,20260224,da_giao,1,190000.0,190000.0,cod
828,1365,1145,56,5,20260225,dang_giao,2,580000.0,1160000.0,cod
841,1372,1056,17,1,20260225,cho_xac_nhan,2,680000.0,1360000.0,cod
846,1374,1129,51,4,20260225,da_giao,3,650000.0,1950000.0,cod
871,1389,1149,1,1,20260301,dang_chuan_bi,2,1250000.0,2500000.0,banking
875,1390,1110,40,3,20260301,da_giao,3,2500000.0,7500000.0,cod
879,1391,1142,3,1,20260301,cho_xac_nhan,2,1890000.0,3780000.0,banking
886,1394,1149,1,1,20260301,da_giao,2,1250000.0,2500000.0,cod
890,1395,1143,7,1,20260301,cho_xac_nhan,1,890000.0,890000.0,banking
897,1397,1134,11,1,20260302,da_giao,1,230000.0,230000.0,momo
901,1398,1143,26,2,20260302,dang_chuan_bi,4,850000.0,3400000.0,banking
904,1399,1137,59,5,20260302,dang_giao,4,890000.0,3560000.0,banking
913,1403,1108,42,3,20260303,da_huy,4,2600000.0,10400000.0,banking
918,1404,1144,62,5,20260303,dang_giao,3,450000.0,1350000.0,banking
924,1406,1139,49,4,20260303,da_giao,4,180000.0,720000.0,banking
932,1409,1019,6,1,20260303,da_huy,2,1100000.0,2200000.0,momo
936,1411,1136,7,1,20260304,da_giao,1,890000.0,890000.0,momo
943,1413,1135,12,1,20260304,da_giao,4,340000.0,1360000.0,cod
953,1417,1135,25,2,20260304,da_giao,4,1100000.0,4400000.0,banking
957,1418,1138,42,3,20260304,dang_chuan_bi,2,2600000.0,5200000.0,banking
961,1419,1102,29,2,20260305,da_giao,4,890000.0,3560000.0,cod
966,1422,1129,8,1,20260305,da_giao,1,750000.0,750000.0,banking
975,1429,1106,14,1,20260306,da_giao,3,180000.0,540000.0,banking
981,1431,1037,2,1,20260307,da_giao,1,2890000.0,2890000.0,cod
985,1432,1132,10,1,20260307,da_giao,2,1450000.0,2900000.0,cod
1010,1446,1148,1,1,20260309,da_giao,4,1250000.0,5000000.0,cod
1015,1448,1148,46,4,20260310,da_giao,4,680000.0,2720000.0,cod
1020,1449,1149,31,3,20260310,da_giao,2,4200000.0,8400000.0,banking
1026,1451,1141,27,2,20260310,dang_chuan_bi,4,620000.0,2480000.0,momo
1036,1455,1132,14,1,20260310,dang_giao,2,180000.0,360000.0,cod
1046,1460,1134,11,1,20260311,cho_xac_nhan,2,230000.0,460000.0,momo
1053,1462,1128,49,4,20260311,da_giao,3,180000.0,540000.0,cod
1058,1464,1128,38,3,20260312,da_giao,1,2300000.0,2300000.0,banking
1064,1466,1143,15,1,20260312,da_giao,2,320000.0,640000.0,banking
1074,1472,1133,45,4,20260314,da_giao,3,480000.0,1440000.0,cod
1083,1475,1135,53,4,20260314,da_giao,3,220000.0,660000.0,cod
1088,1476,1115,30,2,20260314,da_giao,2,780000.0,1560000.0,cod
1093,1477,1128,3,1,20260314,cho_xac_nhan,1,1890000.0,1890000.0,banking
1100,1480,1144,45,4,20260315,da_giao,1,480000.0,480000.0,cod
1113,1487,1148,64,5,20260315,da_giao,4,850000.0,3400000.0,banking
1118,1488,1143,66,5,20260316,da_giao,3,190000.0,570000.0,cod
1131,1495,1149,3,1,20260317,da_giao,2,1890000.0,3780000.0,cod
1136,1496,1132,3,1,20260317,cho_xac_nhan,3,1890000.0,5670000.0,cod
1141,1498,1148,13,1,20260318,da_giao,4,420000.0,1680000.0,cod
1152,1503,1143,2,1,20260318,da_huy,3,2890000.0,8670000.0,cod
1158,1506,1149,30,2,20260319,da_giao,3,780000.0,2340000.0,cod
1161,1507,1138,42,3,20260319,cho_xac_nhan,4,2600000.0,10400000.0,banking
1168,1510,1131,12,1,20260319,da_giao,2,340000.0,680000.0,cod
1175,1512,1109,22,2,20260320,da_giao,1,620000.0,620000.0,cod
1181,1515,1130,58,5,20260320,da_huy,2,320000.0,640000.0,banking
1184,1516,1132,22,2,20260321,cho_xac_nhan,1,620000.0,620000.0,cod
1189,1518,1146,2,1,20260321,dang_giao,3,2890000.0,8670000.0,momo
1194,1520,1142,56,5,20260322,cho_xac_nhan,1,580000.0,580000.0,momo
1201,1522,1145,67,6,20260322,da_giao,3,420000.0,1260000.0,cod
1205,1524,1125,64,5,20260322,da_huy,1,850000.0,850000.0,momo
1210,1525,1138,14,1,20260322,da_giao,2,180000.0,360000.0,momo
1215,1527,1128,19,2,20260323,cho_xac_nhan,1,1350000.0,1350000.0,banking
1224,1531,1041,30,2,20260324,da_giao,2,780000.0,1560000.0,cod
1233,1534,1147,2,1,20260324,da_giao,1,2890000.0,2890000.0,banking
1243,1540,1128,9,1,20260325,cho_xac_nhan,3,1680000.0,5040000.0,cod
1247,1541,1128,15,1,20260325,cho_xac_nhan,4,320000.0,1280000.0,momo
1252,1544,1136,51,4,20260326,da_giao,1,650000.0,650000.0,momo
1256,1545,1130,37,3,20260326,da_giao,4,3100000.0,12400000.0,cod
1269,1551,1101,8,1,20260326,cho_xac_nhan,4,750000.0,3000000.0,banking
1273,1552,1129,14,1,20260326,da_giao,1,180000.0,180000.0,cod
1281,1555,1148,16,1,20260327,da_giao,2,210000.0,420000.0,momo
1291,1559,1132,2,1,20260328,da_giao,1,2890000.0,2890000.0,cod
1296,1561,1128,58,5,20260329,da_huy,3,320000.0,960000.0,banking
1301,1562,1134,28,2,20260329,cho_xac_nhan,4,720000.0,2880000.0,cod
1308,1565,1129,13,1,20260329,da_giao,2,420000.0,840000.0,momo
1312,1567,1145,10,1,20260329,da_giao,3,1450000.0,4350000.0,cod
1319,1569,1014,27,2,20260330,dang_chuan_bi,4,620000.0,2480000.0,cod
1331,1574,1148,6,1,20260331,dang_giao,1,1100000.0,1100000.0,momo
1339,1578,1137,34,3,20260331,da_giao,4,2800000.0,11200000.0,momo
1353,1584,1132,19,2,20260401,da_huy,4,1350000.0,5400000.0,cod
1362,1589,1135,30,2,20260402,da_giao,2,780000.0,1560000.0,cod
1369,1592,1135,53,4,20260403,dang_chuan_bi,1,220000.0,220000.0,banking
1373,1593,1139,2,1,20260403,da_giao,1,2890000.0,2890000.0,momo
1380,1597,1147,7,1,20260403,da_giao,1,890000.0,890000.0,banking
1385,1598,1147,4,1,20260403,da_huy,1,385000.0,385000.0,cod
1388,1599,1144,12,1,20260404,da_giao,3,340000.0,1020000.0,momo
1393,1601,1133,14,1,20260404,dang_chuan_bi,2,180000.0,360000.0,momo
1397,1602,1143,48,4,20260405,dang_chuan_bi,1,920000.0,920000.0,banking
1402,1604,1137,53,4,20260405,da_huy,1,220000.0,220000.0,momo
1427,1619,1137,6,1,20260407,cho_xac_nhan,3,1100000.0,3300000.0,cod
1440,1626,1131,7,1,20260408,da_giao,1,890000.0,890000.0,momo
1443,1627,1143,13,1,20260408,da_giao,3,420000.0,1260000.0,cod
1457,1636,1146,66,5,20260410,cho_xac_nhan,1,190000.0,190000.0,banking
1462,1637,1129,54,4,20260410,da_giao,2,620000.0,1240000.0,cod
1477,1644,1132,19,2,20260411,da_giao,4,1350000.0,5400000.0,banking
1485,1647,1148,60,5,20260412,da_giao,4,520000.0,2080000.0,momo
1494,1650,1063,57,5,20260412,da_giao,1,320000.0,320000.0,cod
1501,1654,1139,56,5,20260413,da_giao,3,580000.0,1740000.0,banking
1506,1655,1136,31,3,20260413,da_giao,2,4200000.0,8400000.0,banking
1523,1665,1085,19,2,20260414,da_giao,1,1350000.0,1350000.0,cod
1544,1676,1128,53,4,20260416,da_giao,1,220000.0,220000.0,banking
1559,1682,1135,66,5,20260417,da_giao,4,190000.0,760000.0,banking
1563,1683,1146,10,1,20260417,da_giao,2,1450000.0,2900000.0,banking
1566,1684,1135,53,4,20260417,cho_xac_nhan,1,220000.0,220000.0,banking
1583,1694,1145,7,1,20260419,da_giao,1,890000.0,890000.0,banking
1588,1695,1141,45,4,20260419,da_giao,1,480000.0,480000.0,cod
1603,1703,1133,13,1,20260420,dang_chuan_bi,2,420000.0,840000.0,banking
1624,1716,1134,65,5,20260421,da_giao,4,280000.0,1120000.0,cod
1639,1723,1137,42,3,20260422,da_giao,4,2600000.0,10400000.0,cod
1647,1727,1079,38,3,20260422,cho_xac_nhan,1,2300000.0,2300000.0,cod
1651,1728,1136,57,5,20260423,dang_giao,4,320000.0,1280000.0,cod
1671,1738,1130,2,1,20260424,da_giao,3,2890000.0,8670000.0,banking
1685,1745,1129,16,1,20260425,da_giao,3,210000.0,630000.0,cod
1692,1748,1104,14,1,20260426,da_giao,1,180000.0,180000.0,cod
1699,1752,1142,3,1,20260426,da_huy,2,1890000.0,3780000.0,cod
1708,1756,1095,49,4,20260427,da_giao,1,180000.0,180000.0,cod
1727,1767,1133,3,1,20260429,da_giao,3,1890000.0,5670000.0,banking
1741,1774,1136,12,1,20260429,cho_xac_nhan,2,340000.0,680000.0,momo
1749,1778,1135,60,5,20260501,da_huy,4,520000.0,2080000.0,momo
1759,1784,1136,5,1,20260502,da_giao,3,480000.0,1440000.0,cod
1763,1785,1139,2,1,20260502,da_giao,3,2890000.0,8670000.0,cod
1775,1790,1103,4,1,20260503,da_giao,1,385000.0,385000.0,cod
1780,1792,1143,2,1,20260503,dang_chuan_bi,3,2890000.0,8670000.0,banking
1789,1797,1131,62,5,20260504,da_giao,4,450000.0,1800000.0,cod
1794,1798,1134,55,5,20260504,da_giao,2,620000.0,1240000.0,banking
1801,1801,1092,1,1,20260504,da_giao,4,1250000.0,5000000.0,momo
1804,1802,1144,55,5,20260504,da_giao,2,620000.0,1240000.0,cod
1810,1804,1136,55,5,20260504,da_giao,3,620000.0,1860000.0,cod
1817,1807,1054,13,1,20260505,da_giao,3,420000.0,1260000.0,cod
1827,1811,1113,12,1,20260506,cho_xac_nhan,4,340000.0,1360000.0,momo
1834,1814,1143,11,1,20260506,da_giao,1,230000.0,230000.0,banking
1838,1816,1137,71,6,20260507,da_giao,1,185000.0,185000.0,cod
1842,1817,1128,41,3,20260507,da_giao,2,3400000.0,6800000.0,banking
1850,1820,1133,57,5,20260507,dang_giao,3,320000.0,960000.0,cod
1857,1823,1133,28,2,20260507,dang_giao,1,720000.0,720000.0,banking
1870,1829,1144,76,6,20260508,dang_giao,4,280000.0,1120000.0,cod
1873,1830,1134,64,5,20260508,da_huy,3,850000.0,2550000.0,cod
1881,1834,1146,9,1,20260510,dang_chuan_bi,1,1680000.0,1680000.0,momo
1884,1835,1147,12,1,20260510,da_giao,2,340000.0,680000.0,cod
1895,1841,1066,8,1,20260510,da_giao,2,750000.0,1500000.0,momo
1898,1842,1137,17,1,20260511,da_huy,4,680000.0,2720000.0,banking
1906,1845,1128,59,5,20260511,da_giao,2,890000.0,1780000.0,banking
1918,1850,1148,8,1,20260512,da_giao,2,750000.0,1500000.0,momo
1925,1853,1140,64,5,20260512,dang_chuan_bi,2,850000.0,1700000.0,cod
1930,1854,1142,67,6,20260512,da_giao,1,420000.0,420000.0,momo
1934,1856,1142,13,1,20260513,da_giao,3,420000.0,1260000.0,cod
1940,1859,1133,41,3,20260513,cho_xac_nhan,3,3400000.0,10200000.0,banking
1947,1861,1126,15,1,20260514,cho_xac_nhan,4,320000.0,1280000.0,banking
1951,1863,1149,16,1,20260514,dang_giao,2,210000.0,420000.0,cod
1955,1865,1142,13,1,20260515,da_giao,1,420000.0,420000.0,cod
1959,1866,1125,9,1,20260515,dang_giao,2,1680000.0,3360000.0,cod
1962,1867,1147,3,1,20260515,da_giao,1,1890000.0,1890000.0,cod
1965,1868,1135,45,4,20260515,da_giao,1,480000.0,480000.0,momo
1977,1875,1141,6,1,20260516,da_giao,1,1100000.0,1100000.0,cod
1986,1878,1143,3,1,20260516,dang_giao,3,1890000.0,5670000.0,banking
1990,1880,1145,52,4,20260516,dang_chuan_bi,4,580000.0,2320000.0,cod
1994,1881,1137,22,2,20260516,cho_xac_nhan,4,620000.0,2480000.0,cod
2000,1883,1148,46,4,20260516,da_giao,4,680000.0,2720000.0,banking
2003,1884,1149,30,2,20260516,cho_xac_nhan,4,780000.0,3120000.0,cod
2008,1885,1128,47,4,20260517,da_giao,1,320000.0,320000.0,cod
2017,1888,1131,57,5,20260518,da_giao,3,320000.0,960000.0,momo
2032,1895,1140,57,5,20260518,da_giao,4,320000.0,1280000.0,cod
2037,1897,1141,6,1,20260519,da_giao,2,1100000.0,2200000.0,cod
2047,1902,1133,53,4,20260519,da_giao,3,220000.0,660000.0,cod
2050,1903,1122,31,3,20260519,dang_giao,1,4200000.0,4200000.0,cod
2057,1906,1140,10,1,20260520,da_giao,2,1450000.0,2900000.0,cod
2063,1908,1132,6,1,20260520,da_giao,3,1100000.0,3300000.0,cod
2071,1913,1146,34,3,20260520,da_giao,2,2800000.0,5600000.0,banking
2082,1919,1131,19,2,20260522,dang_giao,1,1350000.0,1350000.0,momo
2085,1920,1131,38,3,20260522,da_giao,4,2300000.0,9200000.0,cod
2089,1921,1073,5,1,20260522,da_giao,3,480000.0,1440000.0,banking
2094,1923,1062,60,5,20260522,da_giao,4,520000.0,2080000.0,banking
2101,1925,1147,66,5,20260522,da_giao,4,190000.0,760000.0,banking
2120,1934,1136,65,5,20260524,da_giao,1,280000.0,280000.0,cod
2125,1935,1135,50,4,20260524,cho_xac_nhan,3,780000.0,2340000.0,cod
2153,1950,1141,2,1,20260527,dang_chuan_bi,2,2890000.0,5780000.0,momo
2158,1952,1101,63,5,20260527,da_giao,1,750000.0,750000.0,cod
2165,1955,1146,8,1,20260527,cho_xac_nhan,4,750000.0,3000000.0,cod
2169,1957,1137,3,1,20260528,cho_xac_nhan,3,1890000.0,5670000.0,cod
2176,1961,1098,5,1,20260529,da_giao,2,480000.0,960000.0,cod
2179,1962,1149,16,1,20260529,da_giao,1,210000.0,210000.0,momo
2185,1964,1147,4,1,20260529,da_giao,1,385000.0,385000.0,momo
2189,1965,1132,58,5,20260529,cho_xac_nhan,1,320000.0,320000.0,banking
2205,1976,1084,60,5,20260531,da_giao,2,520000.0,1040000.0,banking
2210,1978,1130,43,4,20260531,dang_giao,2,290000.0,580000.0,cod
2215,1981,1137,5,1,20260531,da_giao,1,480000.0,480000.0,banking
2218,1982,1136,23,2,20260531,da_giao,1,780000.0,780000.0,cod
2226,1985,1136,6,1,20260601,da_giao,1,1100000.0,1100000.0,momo
2231,1988,1149,3,1,20260601,da_giao,3,1890000.0,5670000.0,cod
2237,1990,1090,15,1,20260601,da_giao,4,320000.0,1280000.0,cod
2242,1991,1145,50,4,20260601,dang_chuan_bi,2,780000.0,1560000.0,cod
2250,1995,1131,11,1,20260602,dang_giao,3,230000.0,690000.0,cod
2255,1996,1128,14,1,20260602,cho_xac_nhan,3,180000.0,540000.0,cod
23,1013,1146,8,1,20260104,da_giao,2,750000.0,1500000.0,cod
41,1023,1145,13,1,20260105,dang_giao,1,420000.0,420000.0,cod
48,1025,1134,25,2,20260105,dang_giao,1,1100000.0,1100000.0,cod
58,1028,1148,60,5,20260105,da_giao,4,520000.0,2080000.0,cod
66,1031,1138,68,6,20260106,da_giao,2,520000.0,1040000.0,banking
85,1042,1128,39,3,20260108,dang_giao,4,2900000.0,11600000.0,cod
89,1043,1146,27,2,20260108,dang_giao,2,620000.0,1240000.0,banking
98,1047,1134,3,1,20260109,da_giao,4,1890000.0,7560000.0,cod
105,1050,1142,13,1,20260109,da_giao,2,420000.0,840000.0,banking
126,1059,1029,60,5,20260110,cho_xac_nhan,3,520000.0,1560000.0,cod
159,1078,1135,23,2,20260114,da_giao,2,780000.0,1560000.0,momo
163,1079,1137,6,1,20260114,da_giao,2,1100000.0,2200000.0,cod
167,1080,1133,17,1,20260114,da_giao,1,680000.0,680000.0,cod
172,1082,1138,39,3,20260114,da_giao,4,2900000.0,11600000.0,cod
177,1083,1129,40,3,20260115,da_giao,1,2500000.0,2500000.0,momo
184,1085,1140,51,4,20260115,da_giao,3,650000.0,1950000.0,cod
188,1086,1140,61,5,20260115,da_giao,4,780000.0,3120000.0,cod
203,1094,1135,10,1,20260116,dang_chuan_bi,4,1450000.0,5800000.0,banking
213,1098,1006,62,5,20260117,da_giao,1,450000.0,450000.0,momo
228,1104,1140,34,3,20260117,da_giao,3,2800000.0,8400000.0,cod
240,1108,1141,12,1,20260118,dang_chuan_bi,3,340000.0,1020000.0,cod
249,1111,1133,11,1,20260119,da_huy,1,230000.0,230000.0,cod
256,1114,1130,4,1,20260119,da_giao,2,385000.0,770000.0,cod
273,1122,1142,58,5,20260120,cho_xac_nhan,3,320000.0,960000.0,cod
282,1125,1148,18,1,20260121,da_giao,4,350000.0,1400000.0,banking
287,1126,1137,1,1,20260121,da_giao,3,1250000.0,3750000.0,cod
297,1130,1140,64,5,20260122,da_giao,2,850000.0,1700000.0,cod
312,1137,1131,39,3,20260123,dang_chuan_bi,1,2900000.0,2900000.0,momo
316,1138,1146,10,1,20260123,da_giao,1,1450000.0,1450000.0,momo
326,1143,1137,4,1,20260124,da_giao,3,385000.0,1155000.0,banking
336,1147,1145,13,1,20260124,da_giao,4,420000.0,1680000.0,momo
359,1161,1057,54,4,20260126,da_giao,3,620000.0,1860000.0,cod
366,1164,1143,9,1,20260127,cho_xac_nhan,2,1680000.0,3360000.0,banking
398,1178,1136,22,2,20260129,da_giao,3,620000.0,1860000.0,banking
404,1181,1119,31,3,20260130,da_giao,4,4200000.0,16800000.0,banking
413,1184,1134,38,3,20260130,da_giao,3,2300000.0,6900000.0,cod
421,1187,1131,1,1,20260130,da_giao,1,1250000.0,1250000.0,momo
427,1189,1148,71,6,20260131,cho_xac_nhan,4,185000.0,740000.0,banking
442,1195,1116,1,1,20260131,da_giao,4,1250000.0,5000000.0,banking
449,1197,1136,13,1,20260201,cho_xac_nhan,2,420000.0,840000.0,cod
454,1198,1148,36,3,20260201,da_giao,3,2100000.0,6300000.0,cod
461,1201,1135,27,2,20260202,da_giao,4,620000.0,2480000.0,cod
477,1207,1120,35,3,20260202,dang_giao,1,2800000.0,2800000.0,momo
487,1210,1131,34,3,20260203,da_giao,4,2800000.0,11200000.0,cod
503,1219,1134,15,1,20260204,da_giao,3,320000.0,960000.0,banking
521,1227,1130,16,1,20260205,dang_giao,2,210000.0,420000.0,cod
533,1232,1138,10,1,20260206,da_giao,2,1450000.0,2900000.0,cod
538,1233,1143,25,2,20260206,dang_giao,2,1100000.0,2200000.0,banking
545,1235,1147,48,4,20260206,da_giao,4,920000.0,3680000.0,cod
554,1239,1143,5,1,20260207,da_giao,3,480000.0,1440000.0,banking
576,1251,1129,15,1,20260208,da_giao,3,320000.0,960000.0,cod
588,1256,1131,8,1,20260209,da_giao,4,750000.0,3000000.0,momo
602,1261,1142,23,2,20260210,da_giao,2,780000.0,1560000.0,cod
609,1263,1139,63,5,20260210,da_giao,1,750000.0,750000.0,banking
614,1265,1136,15,1,20260211,da_giao,3,320000.0,960000.0,momo
637,1277,1023,13,1,20260212,da_giao,3,420000.0,1260000.0,banking
672,1298,1094,63,5,20260215,da_giao,2,750000.0,1500000.0,banking
682,1301,1140,18,1,20260215,dang_giao,4,350000.0,1400000.0,momo
689,1304,1145,9,1,20260216,dang_giao,2,1680000.0,3360000.0,banking
710,1313,1050,14,1,20260217,da_giao,3,180000.0,540000.0,cod
714,1314,1141,9,1,20260217,cho_xac_nhan,2,1680000.0,3360000.0,banking
734,1324,1134,19,2,20260218,cho_xac_nhan,2,1350000.0,2700000.0,momo
747,1329,1147,12,1,20260219,dang_giao,4,340000.0,1360000.0,banking
755,1332,1128,4,1,20260220,da_giao,4,385000.0,1540000.0,cod
763,1335,1148,63,5,20260220,dang_chuan_bi,1,750000.0,750000.0,momo
780,1343,1149,50,4,20260221,cho_xac_nhan,4,780000.0,3120000.0,cod
785,1345,1129,17,1,20260221,da_giao,3,680000.0,2040000.0,banking
820,1363,1148,5,1,20260224,da_giao,2,480000.0,960000.0,cod
827,1365,1145,14,1,20260225,dang_giao,3,180000.0,540000.0,cod
840,1372,1056,15,1,20260225,cho_xac_nhan,1,320000.0,320000.0,cod
870,1389,1149,61,5,20260301,dang_chuan_bi,3,780000.0,2340000.0,banking
874,1390,1110,8,1,20260301,da_giao,3,750000.0,2250000.0,cod
878,1391,1142,41,3,20260301,cho_xac_nhan,4,3400000.0,13600000.0,banking
885,1394,1149,56,5,20260301,da_giao,4,580000.0,2320000.0,cod
889,1395,1143,34,3,20260301,cho_xac_nhan,2,2800000.0,5600000.0,banking
896,1397,1134,34,3,20260302,da_giao,2,2800000.0,5600000.0,momo
900,1398,1143,2,1,20260302,dang_chuan_bi,1,2890000.0,2890000.0,banking
912,1403,1108,7,1,20260303,da_huy,4,890000.0,3560000.0,banking
917,1404,1144,52,4,20260303,dang_giao,2,580000.0,1160000.0,banking
923,1406,1139,52,4,20260303,da_giao,4,580000.0,2320000.0,banking
931,1409,1019,30,2,20260303,da_huy,1,780000.0,780000.0,momo
942,1413,1135,67,6,20260304,da_giao,1,420000.0,420000.0,cod
952,1417,1135,17,1,20260304,da_giao,3,680000.0,2040000.0,banking
956,1418,1138,8,1,20260304,dang_chuan_bi,3,750000.0,2250000.0,banking
960,1419,1102,8,1,20260305,da_giao,2,750000.0,1500000.0,cod
980,1431,1037,54,4,20260307,da_giao,4,620000.0,2480000.0,cod
984,1432,1132,3,1,20260307,da_giao,1,1890000.0,1890000.0,cod
1014,1448,1148,22,2,20260310,da_giao,3,620000.0,1860000.0,cod
1019,1449,1149,65,5,20260310,da_giao,3,280000.0,840000.0,banking
1025,1451,1141,11,1,20260310,dang_chuan_bi,3,230000.0,690000.0,momo
1035,1455,1132,64,5,20260310,dang_giao,2,850000.0,1700000.0,cod
1045,1460,1134,57,5,20260311,cho_xac_nhan,2,320000.0,640000.0,momo
1052,1462,1128,33,3,20260311,da_giao,2,2450000.0,4900000.0,cod
1057,1464,1128,57,5,20260312,da_giao,1,320000.0,320000.0,banking
1063,1466,1143,33,3,20260312,da_giao,4,2450000.0,9800000.0,banking
1082,1475,1135,14,1,20260314,da_giao,4,180000.0,720000.0,cod
1087,1476,1115,66,5,20260314,da_giao,3,190000.0,570000.0,cod
1092,1477,1128,54,4,20260314,cho_xac_nhan,4,620000.0,2480000.0,banking
1099,1480,1144,40,3,20260315,da_giao,1,2500000.0,2500000.0,cod
1112,1487,1148,5,1,20260315,da_giao,2,480000.0,960000.0,banking
1117,1488,1143,25,2,20260316,da_giao,2,1100000.0,2200000.0,cod
1135,1496,1132,19,2,20260317,cho_xac_nhan,2,1350000.0,2700000.0,cod
1140,1498,1148,9,1,20260318,da_giao,2,1680000.0,3360000.0,cod
1151,1503,1143,21,2,20260318,da_huy,1,780000.0,780000.0,cod
1167,1510,1131,34,3,20260319,da_giao,1,2800000.0,2800000.0,cod
1174,1512,1109,13,1,20260320,da_giao,2,420000.0,840000.0,cod
1193,1520,1142,50,4,20260322,cho_xac_nhan,1,780000.0,780000.0,momo
1200,1522,1145,24,2,20260322,da_giao,2,950000.0,1900000.0,cod
1209,1525,1138,12,1,20260322,da_giao,1,340000.0,340000.0,momo
1223,1531,1041,35,3,20260324,da_giao,1,2800000.0,2800000.0,cod
1232,1534,1147,65,5,20260324,da_giao,1,280000.0,280000.0,banking
1242,1540,1128,30,2,20260325,cho_xac_nhan,4,780000.0,3120000.0,cod
1246,1541,1128,14,1,20260325,cho_xac_nhan,1,180000.0,180000.0,momo
1255,1545,1130,68,6,20260326,da_giao,4,520000.0,2080000.0,cod
1268,1551,1101,57,5,20260326,cho_xac_nhan,3,320000.0,960000.0,banking
1272,1552,1129,46,4,20260326,da_giao,1,680000.0,680000.0,cod
1280,1555,1148,10,1,20260327,da_giao,2,1450000.0,2900000.0,momo
1290,1559,1132,56,5,20260328,da_giao,4,580000.0,2320000.0,cod
1295,1561,1128,25,2,20260329,da_huy,1,1100000.0,1100000.0,banking
1300,1562,1134,25,2,20260329,cho_xac_nhan,1,1100000.0,1100000.0,cod
1307,1565,1129,5,1,20260329,da_giao,2,480000.0,960000.0,momo
1318,1569,1014,54,4,20260330,dang_chuan_bi,2,620000.0,1240000.0,cod
1330,1574,1148,21,2,20260331,dang_giao,3,780000.0,2340000.0,momo
1352,1584,1132,12,1,20260401,da_huy,3,340000.0,1020000.0,cod
1361,1589,1135,12,1,20260402,da_giao,3,340000.0,1020000.0,cod
1368,1592,1135,39,3,20260403,dang_chuan_bi,4,2900000.0,11600000.0,banking
1372,1593,1139,6,1,20260403,da_giao,1,1100000.0,1100000.0,momo
1379,1597,1147,54,4,20260403,da_giao,4,620000.0,2480000.0,banking
1384,1598,1147,65,5,20260403,da_huy,1,280000.0,280000.0,cod
1396,1602,1143,5,1,20260405,dang_chuan_bi,3,480000.0,1440000.0,banking
1426,1619,1137,26,2,20260407,cho_xac_nhan,1,850000.0,850000.0,cod
1439,1626,1131,9,1,20260408,da_giao,1,1680000.0,1680000.0,momo
1461,1637,1129,35,3,20260410,da_giao,1,2800000.0,2800000.0,cod
1476,1644,1132,53,4,20260411,da_giao,2,220000.0,440000.0,banking
1484,1647,1148,62,5,20260412,da_giao,1,450000.0,450000.0,momo
1493,1650,1063,15,1,20260412,da_giao,2,320000.0,640000.0,cod
1500,1654,1139,53,4,20260413,da_giao,2,220000.0,440000.0,banking
1505,1655,1136,25,2,20260413,da_giao,1,1100000.0,1100000.0,banking
1522,1665,1085,34,3,20260414,da_giao,2,2800000.0,5600000.0,cod
1543,1676,1128,4,1,20260416,da_giao,1,385000.0,385000.0,banking
1558,1682,1135,3,1,20260417,da_giao,3,1890000.0,5670000.0,banking
1562,1683,1146,62,5,20260417,da_giao,3,450000.0,1350000.0,banking
1582,1694,1145,5,1,20260419,da_giao,3,480000.0,1440000.0,banking
1587,1695,1141,68,6,20260419,da_giao,4,520000.0,2080000.0,cod
1602,1703,1133,63,5,20260420,dang_chuan_bi,2,750000.0,1500000.0,banking
1623,1716,1134,67,6,20260421,da_giao,3,420000.0,1260000.0,cod
1646,1727,1079,52,4,20260422,cho_xac_nhan,2,580000.0,1160000.0,cod
1650,1728,1136,1,1,20260423,dang_giao,2,1250000.0,2500000.0,cod
1670,1738,1130,8,1,20260424,da_giao,4,750000.0,3000000.0,banking
1684,1745,1129,61,5,20260425,da_giao,2,780000.0,1560000.0,cod
1691,1748,1104,8,1,20260426,da_giao,1,750000.0,750000.0,cod
1740,1774,1136,55,5,20260429,cho_xac_nhan,4,620000.0,2480000.0,momo
1758,1784,1136,32,3,20260502,da_giao,3,3200000.0,9600000.0,cod
1762,1785,1139,42,3,20260502,da_giao,1,2600000.0,2600000.0,cod
1774,1790,1103,36,3,20260503,da_giao,1,2100000.0,2100000.0,cod
1779,1792,1143,20,2,20260503,dang_chuan_bi,1,890000.0,890000.0,banking
1788,1797,1131,8,1,20260504,da_giao,2,750000.0,1500000.0,cod
1793,1798,1134,14,1,20260504,da_giao,4,180000.0,720000.0,banking
1800,1801,1092,10,1,20260504,da_giao,2,1450000.0,2900000.0,momo
1809,1804,1136,61,5,20260504,da_giao,2,780000.0,1560000.0,cod
1816,1807,1054,74,6,20260505,da_giao,2,480000.0,960000.0,cod
1826,1811,1113,13,1,20260506,cho_xac_nhan,4,420000.0,1680000.0,momo
1841,1817,1128,61,5,20260507,da_giao,2,780000.0,1560000.0,banking
1849,1820,1133,50,4,20260507,dang_giao,2,780000.0,1560000.0,cod
1856,1823,1133,53,4,20260507,dang_giao,3,220000.0,660000.0,banking
1869,1829,1144,40,3,20260508,dang_giao,2,2500000.0,5000000.0,cod
1880,1834,1146,44,4,20260510,dang_chuan_bi,1,520000.0,520000.0,momo
1905,1845,1128,5,1,20260511,da_giao,4,480000.0,1920000.0,banking
1917,1850,1148,55,5,20260512,da_giao,2,620000.0,1240000.0,momo
1924,1853,1140,51,4,20260512,dang_chuan_bi,3,650000.0,1950000.0,cod
1929,1854,1142,1,1,20260512,da_giao,3,1250000.0,3750000.0,momo
1946,1861,1126,37,3,20260514,cho_xac_nhan,4,3100000.0,12400000.0,banking
1958,1866,1125,54,4,20260515,dang_giao,4,620000.0,2480000.0,cod
1976,1875,1141,12,1,20260516,da_giao,3,340000.0,1020000.0,cod
1985,1878,1143,15,1,20260516,dang_giao,1,320000.0,320000.0,banking
1993,1881,1137,53,4,20260516,cho_xac_nhan,2,220000.0,440000.0,cod
1999,1883,1148,14,1,20260516,da_giao,1,180000.0,180000.0,banking
2007,1885,1128,22,2,20260517,da_giao,1,620000.0,620000.0,cod
2016,1888,1131,14,1,20260518,da_giao,2,180000.0,360000.0,momo
2031,1895,1140,39,3,20260518,da_giao,1,2900000.0,2900000.0,cod
2036,1897,1141,29,2,20260519,da_giao,1,890000.0,890000.0,cod
2062,1908,1132,38,3,20260520,da_giao,3,2300000.0,6900000.0,cod
2088,1921,1073,58,5,20260522,da_giao,4,320000.0,1280000.0,banking
2100,1925,1147,30,2,20260522,da_giao,3,780000.0,2340000.0,banking
2119,1934,1136,10,1,20260524,da_giao,3,1450000.0,4350000.0,cod
2124,1935,1135,24,2,20260524,cho_xac_nhan,4,950000.0,3800000.0,cod
2157,1952,1101,9,1,20260527,da_giao,2,1680000.0,3360000.0,cod
2164,1955,1146,21,2,20260527,cho_xac_nhan,2,780000.0,1560000.0,cod
2184,1964,1147,68,6,20260529,da_giao,4,520000.0,2080000.0,momo
2188,1965,1132,72,6,20260529,cho_xac_nhan,2,650000.0,1300000.0,banking
2225,1985,1136,3,1,20260601,da_giao,1,1890000.0,1890000.0,momo
2236,1990,1090,74,6,20260601,da_giao,1,480000.0,480000.0,cod
2241,1991,1145,74,6,20260601,dang_chuan_bi,3,480000.0,1440000.0,cod
2249,1995,1131,1,1,20260602,dang_giao,1,1250000.0,1250000.0,cod
2254,1996,1128,6,1,20260602,cho_xac_nhan,2,1100000.0,2200000.0,cod
47,1025,1134,56,5,20260105,dang_giao,4,580000.0,2320000.0,cod
57,1028,1148,22,2,20260105,da_giao,1,620000.0,620000.0,cod
65,1031,1138,2,1,20260106,da_giao,2,2890000.0,5780000.0,banking
97,1047,1134,39,3,20260109,da_giao,3,2900000.0,8700000.0,cod
125,1059,1029,1,1,20260110,cho_xac_nhan,2,1250000.0,2500000.0,cod
176,1083,1129,52,4,20260115,da_giao,3,580000.0,1740000.0,momo
183,1085,1140,20,2,20260115,da_giao,4,890000.0,3560000.0,cod
202,1094,1135,9,1,20260116,dang_chuan_bi,4,1680000.0,6720000.0,banking
227,1104,1140,62,5,20260117,da_giao,1,450000.0,450000.0,cod
239,1108,1141,1,1,20260118,dang_chuan_bi,2,1250000.0,2500000.0,cod
248,1111,1133,12,1,20260119,da_huy,1,340000.0,340000.0,cod
281,1125,1148,64,5,20260121,da_giao,2,850000.0,1700000.0,banking
286,1126,1137,9,1,20260121,da_giao,3,1680000.0,5040000.0,cod
296,1130,1140,54,4,20260122,da_giao,2,620000.0,1240000.0,cod
311,1137,1131,3,1,20260123,dang_chuan_bi,1,1890000.0,1890000.0,momo
358,1161,1057,73,6,20260126,da_giao,4,890000.0,3560000.0,cod
397,1178,1136,12,1,20260129,da_giao,2,340000.0,680000.0,banking
412,1184,1134,8,1,20260130,da_giao,3,750000.0,2250000.0,cod
420,1187,1131,4,1,20260130,da_giao,2,385000.0,770000.0,momo
441,1195,1116,53,4,20260131,da_giao,3,220000.0,660000.0,banking
448,1197,1136,12,1,20260201,cho_xac_nhan,3,340000.0,1020000.0,cod
453,1198,1148,15,1,20260201,da_giao,4,320000.0,1280000.0,cod
476,1207,1120,64,5,20260202,dang_giao,3,850000.0,2550000.0,momo
486,1210,1131,72,6,20260203,da_giao,2,650000.0,1300000.0,cod
502,1219,1134,74,6,20260204,da_giao,2,480000.0,960000.0,banking
520,1227,1130,11,1,20260205,dang_giao,4,230000.0,920000.0,cod
532,1232,1138,4,1,20260206,da_giao,1,385000.0,385000.0,cod
537,1233,1143,13,1,20260206,dang_giao,4,420000.0,1680000.0,banking
544,1235,1147,4,1,20260206,da_giao,1,385000.0,385000.0,cod
587,1256,1131,75,6,20260209,da_giao,4,280000.0,1120000.0,momo
601,1261,1142,30,2,20260210,da_giao,4,780000.0,3120000.0,cod
608,1263,1139,14,1,20260210,da_giao,1,180000.0,180000.0,banking
681,1301,1140,46,4,20260215,dang_giao,1,680000.0,680000.0,momo
688,1304,1145,15,1,20260216,dang_giao,2,320000.0,640000.0,banking
709,1313,1050,26,2,20260217,da_giao,2,850000.0,1700000.0,cod
746,1329,1147,44,4,20260219,dang_giao,4,520000.0,2080000.0,banking
754,1332,1128,1,1,20260220,da_giao,2,1250000.0,2500000.0,cod
762,1335,1148,40,3,20260220,dang_chuan_bi,4,2500000.0,10000000.0,momo
779,1343,1149,10,1,20260221,cho_xac_nhan,4,1450000.0,5800000.0,cod
819,1363,1148,64,5,20260224,da_giao,4,850000.0,3400000.0,cod
826,1365,1145,33,3,20260225,dang_giao,1,2450000.0,2450000.0,cod
869,1389,1149,68,6,20260301,dang_chuan_bi,2,520000.0,1040000.0,banking
895,1397,1134,5,1,20260302,da_giao,2,480000.0,960000.0,momo
911,1403,1108,18,1,20260303,da_huy,2,350000.0,700000.0,banking
916,1404,1144,20,2,20260303,dang_giao,2,890000.0,1780000.0,banking
922,1406,1139,13,1,20260303,da_giao,2,420000.0,840000.0,banking
930,1409,1019,64,5,20260303,da_huy,1,850000.0,850000.0,momo
941,1413,1135,23,2,20260304,da_giao,4,780000.0,3120000.0,cod
951,1417,1135,10,1,20260304,da_giao,2,1450000.0,2900000.0,banking
1018,1449,1149,44,4,20260310,da_giao,4,520000.0,2080000.0,banking
1034,1455,1132,60,5,20260310,dang_giao,1,520000.0,520000.0,cod
1044,1460,1134,5,1,20260311,cho_xac_nhan,1,480000.0,480000.0,momo
1051,1462,1128,39,3,20260311,da_giao,3,2900000.0,8700000.0,cod
1081,1475,1135,12,1,20260314,da_giao,1,340000.0,340000.0,cod
1086,1476,1115,13,1,20260314,da_giao,3,420000.0,1260000.0,cod
1091,1477,1128,67,6,20260314,cho_xac_nhan,1,420000.0,420000.0,banking
1116,1488,1143,64,5,20260316,da_giao,1,850000.0,850000.0,cod
1134,1496,1132,51,4,20260317,cho_xac_nhan,3,650000.0,1950000.0,cod
1150,1503,1143,66,5,20260318,da_huy,3,190000.0,570000.0,cod
1173,1512,1109,39,3,20260320,da_giao,3,2900000.0,8700000.0,cod
1199,1522,1145,48,4,20260322,da_giao,4,920000.0,3680000.0,cod
1208,1525,1138,7,1,20260322,da_giao,4,890000.0,3560000.0,momo
1222,1531,1041,3,1,20260324,da_giao,2,1890000.0,3780000.0,cod
1231,1534,1147,13,1,20260324,da_giao,2,420000.0,840000.0,banking
1289,1559,1132,61,5,20260328,da_giao,4,780000.0,3120000.0,cod
1299,1562,1134,1,1,20260329,cho_xac_nhan,3,1250000.0,3750000.0,cod
1317,1569,1014,15,1,20260330,dang_chuan_bi,4,320000.0,1280000.0,cod
1329,1574,1148,16,1,20260331,dang_giao,2,210000.0,420000.0,momo
1351,1584,1132,44,4,20260401,da_huy,1,520000.0,520000.0,cod
1360,1589,1135,9,1,20260402,da_giao,1,1680000.0,1680000.0,cod
1383,1598,1147,29,2,20260403,da_huy,2,890000.0,1780000.0,cod
1425,1619,1137,9,1,20260407,cho_xac_nhan,4,1680000.0,6720000.0,cod
1438,1626,1131,10,1,20260408,da_giao,1,1450000.0,1450000.0,momo
1460,1637,1129,16,1,20260410,da_giao,3,210000.0,630000.0,cod
1475,1644,1132,42,3,20260411,da_giao,3,2600000.0,7800000.0,banking
1483,1647,1148,6,1,20260412,da_giao,4,1100000.0,4400000.0,momo
1492,1650,1063,49,4,20260412,da_giao,1,180000.0,180000.0,cod
1504,1655,1136,8,1,20260413,da_giao,2,750000.0,1500000.0,banking
1542,1676,1128,64,5,20260416,da_giao,4,850000.0,3400000.0,banking
1557,1682,1135,29,2,20260417,da_giao,1,890000.0,890000.0,banking
1586,1695,1141,28,2,20260419,da_giao,4,720000.0,2880000.0,cod
1622,1716,1134,4,1,20260421,da_giao,4,385000.0,1540000.0,cod
1669,1738,1130,15,1,20260424,da_giao,2,320000.0,640000.0,banking
1739,1774,1136,2,1,20260429,cho_xac_nhan,1,2890000.0,2890000.0,momo
1773,1790,1103,64,5,20260503,da_giao,4,850000.0,3400000.0,cod
1787,1797,1131,13,1,20260504,da_giao,2,420000.0,840000.0,cod
1792,1798,1134,1,1,20260504,da_giao,1,1250000.0,1250000.0,banking
1815,1807,1054,66,5,20260505,da_giao,1,190000.0,190000.0,cod
1825,1811,1113,38,3,20260506,cho_xac_nhan,1,2300000.0,2300000.0,momo
1868,1829,1144,18,1,20260508,dang_giao,2,350000.0,700000.0,cod
1904,1845,1128,12,1,20260511,da_giao,3,340000.0,1020000.0,banking
1916,1850,1148,6,1,20260512,da_giao,2,1100000.0,2200000.0,momo
1928,1854,1142,49,4,20260512,da_giao,3,180000.0,540000.0,momo
1945,1861,1126,77,6,20260514,cho_xac_nhan,3,520000.0,1560000.0,banking
1984,1878,1143,67,6,20260516,dang_giao,4,420000.0,1680000.0,banking
1998,1883,1148,9,1,20260516,da_giao,4,1680000.0,6720000.0,banking
2006,1885,1128,21,2,20260517,da_giao,1,780000.0,780000.0,cod
2015,1888,1131,52,4,20260518,da_giao,1,580000.0,580000.0,momo
2030,1895,1140,71,6,20260518,da_giao,2,185000.0,370000.0,cod
2061,1908,1132,5,1,20260520,da_giao,2,480000.0,960000.0,cod
2099,1925,1147,15,1,20260522,da_giao,4,320000.0,1280000.0,banking
2118,1934,1136,33,3,20260524,da_giao,4,2450000.0,9800000.0,cod
2123,1935,1135,54,4,20260524,cho_xac_nhan,4,620000.0,2480000.0,cod
2163,1955,1146,7,1,20260527,cho_xac_nhan,3,890000.0,2670000.0,cod
2224,1985,1136,10,1,20260601,da_giao,4,1450000.0,5800000.0,momo
2240,1991,1145,11,1,20260601,dang_chuan_bi,1,230000.0,230000.0,cod
2253,1996,1128,12,1,20260602,cho_xac_nhan,1,340000.0,340000.0,cod
